"","traitName","R2_UBHDD","R2_UBHDD_se","R2_UBHDD_shuffle","R2_UBHDD_shuffle_se","if_exemplar","h2_Tg","h2_Tng","QTL_num_Tg","QTL_num_Tng"
"1","X25056.2.0",0.564772603445585,0.00362303848795732,-0.000277582524790621,6.40927565617453e-05,NA,NA,NA,NA,NA
"2","X25057.2.0",0.329537952583419,0.00546688224254121,-0.000583636823417422,0.000194018981127964,NA,NA,NA,NA,NA
"3","X25058.2.0",0.543508819731264,0.00590394914777015,-0.000442437152581376,0.000211282197916427,NA,NA,NA,NA,NA
"4","X25059.2.0",0.570525631520687,0.0031534061096187,-0.000294199894457603,0.000181230351603322,NA,NA,NA,NA,NA
"5","X25060.2.0",0.572940471309925,0.00481135585253947,-0.000347825431647619,6.29422679572592e-05,NA,NA,NA,NA,NA
"6","X25061.2.0",0.427643526748477,0.00382095147692576,-0.000640422799861395,0.000255621775931008,NA,NA,NA,NA,NA
"7","X25062.2.0",0.354894339065017,0.00519917433844641,-0.000101572148234752,0.000115208975997093,NA,NA,NA,NA,NA
"8","X25063.2.0",0.380056879321806,0.00561083051628087,-0.000335937176856505,9.90426731615215e-05,NA,NA,NA,NA,NA
"9","X25064.2.0",0.435915650723522,0.00530034527540546,-0.000374753747887202,9.74748903922231e-05,NA,NA,NA,NA,NA
"10","X25065.2.0",0.393340533370681,0.00425980820230177,-0.000439109502954327,0.000290060418416659,TRUE,0.302365,0.19795,0,2
"11","X25066.2.0",0.39615167164887,0.00523341955378826,-0.000479007472237147,0.000213012072537288,TRUE,0.39202,0.276292,2,3
"12","X25067.2.0",0.37828694919041,0.00392035247972688,-0.000393124877764439,0.000186052170156506,NA,NA,NA,NA,NA
"13","X25068.2.0",0.386987899683988,0.00452301645777052,-0.000770836311827439,0.000297040577609091,NA,NA,NA,NA,NA
"14","X25069.2.0",0.374019701544048,0.00502769852143901,-0.000624968153841632,0.000310371891659644,NA,NA,NA,NA,NA
"15","X25070.2.0",0.53305376816565,0.00461152713279971,-0.000720995415641013,0.000208125493493028,NA,NA,NA,NA,NA
"16","X25071.2.0",0.541970274722103,0.0051659630366177,-0.000722624172456965,0.000347722431799071,NA,NA,NA,NA,NA
"17","X25072.2.0",0.481868896216279,0.0056756503227634,-0.000369769720144952,8.88996775076682e-05,TRUE,0.422898,0.296133,7,0
"18","X25073.2.0",0.513004802821879,0.00432382000378075,-0.000409854306645463,0.000137982542376608,NA,NA,NA,NA,NA
"19","X25074.2.0",0.565681563876242,0.00605080438295893,-0.000368065889895797,0.000122037852370746,TRUE,0.427369,0.301463,12,1
"20","X25075.2.0",0.568313372157251,0.00484858984852084,-0.00069734583346146,0.000528940433765468,NA,NA,NA,NA,NA
"21","X25076.2.0",0.530225055025372,0.00492403018501682,-0.000385679275416417,0.000106052938222034,NA,NA,NA,NA,NA
"22","X25077.2.0",0.506259963309306,0.00475083525751559,-0.000404145238404174,7.78388499404405e-05,NA,NA,NA,NA,NA
"23","X25078.2.0",0.632924433905991,0.00444604749282745,2.27006699663246e-05,0.00023914287282368,NA,NA,NA,NA,NA
"24","X25079.2.0",0.611111967220098,0.0053565838248472,-0.000384665962405273,0.000234989245593722,NA,NA,NA,NA,NA
"25","X25080.2.0",0.555921058050008,0.00682204667703669,-0.000892397115776089,0.000600876679385411,NA,NA,NA,NA,NA
"26","X25081.2.0",0.622332793048281,0.00429066534014408,-0.000246972195110196,0.000205227543219668,TRUE,0.402577,0.283972,2,0
"27","X25082.2.0",0.554875660771626,0.0048775361991702,-0.000363749080556441,9.6453939825496e-05,NA,NA,NA,NA,NA
"28","X25083.2.0",0.528766172024077,0.00557842492278536,-0.000193320477170178,9.61072154512893e-05,NA,NA,NA,NA,NA
"29","X25084.2.0",0.523576656529569,0.00443670348096051,-0.000609581033299689,0.000152666707675348,NA,NA,NA,NA,NA
"30","X25085.2.0",0.530739908064379,0.00386042651257173,-0.000176129737681685,0.0001942991183408,NA,NA,NA,NA,NA
"31","X25086.2.0",0.540948987055716,0.00601917228344715,-0.000513919215076686,9.4654818060919e-05,NA,NA,NA,NA,NA
"32","X25087.2.0",0.621543324756882,0.00390484935285715,-0.000429072895479399,0.000149397249512607,NA,NA,NA,NA,NA
"33","X25088.2.0",0.502754463556373,0.00303712019457587,-0.000338585944593728,8.35200906026237e-05,NA,NA,NA,NA,NA
"34","X25089.2.0",0.513151719936176,0.00709587506520168,-0.000418931403428202,0.00014309258737652,NA,NA,NA,NA,NA
"35","X25090.2.0",0.423360920420912,0.00442214441229384,-0.000569374240205345,0.000228930894816679,NA,NA,NA,NA,NA
"36","X25091.2.0",0.440568459677976,0.00680703993031467,-0.000577908511572445,0.000283286202820276,NA,NA,NA,NA,NA
"37","X25092.2.0",0.349527318197028,0.00582896218785207,-0.000230943010609574,0.000107826086356559,NA,NA,NA,NA,NA
"38","X25093.2.0",0.353247814360514,0.00560004433864892,-0.000373790099946691,0.00011617993016355,NA,NA,NA,NA,NA
"39","X25094.2.0",0.463203150284641,0.00395415368437842,-0.000261731591804448,8.41889474806235e-05,NA,NA,NA,NA,NA
"40","X25095.2.0",0.509501509812377,0.00369742073065665,-0.000234769686408687,7.38084867379282e-05,NA,NA,NA,NA,NA
"41","X25096.2.0",0.585376154570758,0.00703396211019946,-0.000556699549131379,0.000439105187775451,TRUE,0.446289,0.306458,6,1
"42","X25097.2.0",0.56536644553037,0.00300546934215085,-0.000583600215257629,0.000244912968318707,NA,NA,NA,NA,NA
"43","X25098.2.0",0.398830333278834,0.00437750764327468,-0.000425096824664606,0.000164142118208161,NA,NA,NA,NA,NA
"44","X25099.2.0",0.427220874267637,0.00432213825220668,-0.000463069445127795,0.000165843346644423,NA,NA,NA,NA,NA
"45","X25100.2.0",0.283671159729905,0.00687781414598772,-0.00031145985172889,9.05383693072698e-05,NA,NA,NA,NA,NA
"46","X25101.2.0",0.327415225332039,0.00836126931572459,-0.000656428791924002,0.000184560870253706,NA,NA,NA,NA,NA
"47","X25102.2.0",0.332177034513339,0.00498104041277563,-0.000900822166987014,0.000254245128588758,NA,NA,NA,NA,NA
"48","X25103.2.0",0.262050571945671,0.00524316272506384,-0.000375720157159343,0.00013356441890201,NA,NA,NA,NA,NA
"49","X25104.2.0",0.451197915028696,0.00343680712760584,-5.5115434337627e-05,0.000185536624707502,TRUE,0.321863,0.196187,4,0
"50","X25105.2.0",0.364714356125649,0.00444481905218301,-0.000303860601347561,0.000146142554069216,TRUE,0.230782,0.199335,2,3
"51","X25106.2.0",0.470486669228291,0.0056693285826741,-0.000507535407985438,0.000185833010953346,NA,NA,NA,NA,NA
"52","X25107.2.0",0.521139685501226,0.00679366872963083,-0.000329049913603585,0.00021471398669943,TRUE,0.366631,0.278661,4,2
"53","X25108.2.0",0.531756512647828,0.00465256767380138,-0.000305114485837232,9.67641379129688e-05,NA,NA,NA,NA,NA
"54","X25109.2.0",0.458711065518529,0.00368992901310363,-0.000917885119940531,0.000386873997458224,NA,NA,NA,NA,NA
"55","X25110.2.0",0.373530468473859,0.0053019294370516,-0.000460924144557651,0.000170233771630821,TRUE,0.238621,0.146407,3,1
"56","X25111.2.0",0.394077456325787,0.00462141030063237,-0.000639886199024509,0.000260330385228503,TRUE,0.263754,0.121115,1,0
"57","X25112.2.0",0.448895394030729,0.00644181628756072,-0.000523200981832517,0.000319727195175179,TRUE,0.177134,0.06245,0,0
"58","X25113.2.0",0.457801049816404,0.00553242569716687,-0.000188809569002846,6.07416926802939e-05,NA,NA,NA,NA,NA
"59","X25114.2.0",0.318942587151279,0.00574154678309831,-0.000595620935626562,0.000192414211411463,NA,NA,NA,NA,NA
"60","X25115.2.0",0.304267411950019,0.00487290813997089,3.89615677595767e-05,0.000113367907587939,TRUE,0.348807,0.11896,14,0
"61","X25116.2.0",0.313237510814567,0.00421861810598966,-0.000203807937950429,5.56368955161896e-05,TRUE,0.312836,0.319045,1,13
"62","X25117.2.0",0.31145348226323,0.00646564523978633,-0.000419607126138311,0.000187957270355937,NA,NA,NA,NA,NA
"63","X25118.2.0",0.371162576619932,0.00967986444627978,-0.000445987507068668,0.000291236832989045,NA,NA,NA,NA,NA
"64","X25119.2.0",0.345109625040599,0.00414947222197291,-0.000237282466520816,6.40850710295647e-05,NA,NA,NA,NA,NA
"65","X25120.2.0",0.35737446996029,0.00209268686132083,-0.000441702567277602,0.000244912901072997,NA,NA,NA,NA,NA
"66","X25121.2.0",0.34595851200489,0.00689488918577821,-0.000676862427183145,0.000293633516287934,TRUE,0.326309,0.201795,11,1
"67","X25122.2.0",0.445306615928899,0.00427260904098718,-0.000139879050782521,0.000115856042911527,NA,NA,NA,NA,NA
"68","X25123.2.0",0.389822636362547,0.00610815163487098,-0.000412382774211317,8.39095615889742e-05,TRUE,0.343054,0.094149,10,0
"69","X25124.2.0",0.515257383773417,0.00535346058555066,-0.000212279647092306,0.000174930683907237,NA,NA,NA,NA,NA
"70","X25125.2.0",0.463861766177216,0.00319145872239334,-0.000657592727270717,0.000335426964360463,NA,NA,NA,NA,NA
"71","X25126.2.0",0.546043999428461,0.00304234029063568,-0.000601623088489633,0.000174881747800604,NA,NA,NA,NA,NA
"72","X25127.2.0",0.5402811216088,0.00541796614391464,-0.000947597097600483,0.000329041330837345,NA,NA,NA,NA,NA
"73","X25128.2.0",0.531333374375223,0.00660327425250798,-0.000248576525761246,0.000139606099016999,NA,NA,NA,NA,NA
"74","X25129.2.0",0.553450948224647,0.0054381039296712,-0.000170194687115588,0.000201378170060925,NA,NA,NA,NA,NA
"75","X25130.2.0",0.519524953388092,0.00525583389588567,-0.000275537634294531,7.62170573570988e-05,NA,NA,NA,NA,NA
"76","X25131.2.0",0.524186252852994,0.00453904722985539,-0.000354809781894128,0.000136254207413766,TRUE,0.317608,0.283452,8,2
"77","X25132.2.0",0.512376506171038,0.00604145766135934,-0.000640751602218037,0.000256711551488647,NA,NA,NA,NA,NA
"78","X25133.2.0",0.473943940880938,0.00345028299841246,-0.000325488633978666,0.000155028409039995,NA,NA,NA,NA,NA
"79","X25134.2.0",0.526255310117498,0.00599782948790333,-0.000588901756413795,0.000342932923424095,NA,NA,NA,NA,NA
"80","X25135.2.0",0.488765661217041,0.00500196535593134,-0.000805549753432522,0.000238879625514682,NA,NA,NA,NA,NA
"81","X25136.2.0",0.433272643664153,0.00516287602347794,7.42657798514901e-05,0.000244113717746287,NA,NA,NA,NA,NA
"82","X25137.2.0",0.449671044898359,0.00548576702494341,-0.00021489909225203,5.02367788361692e-05,TRUE,0.29934,0.288318,4,3
"83","X25138.2.0",0.466728409034184,0.00920746487107804,-0.0005727063178117,0.000170718496361256,NA,NA,NA,NA,NA
"84","X25139.2.0",0.485212114232823,0.00728643849235375,-0.000329824992064298,8.56552535506883e-05,NA,NA,NA,NA,NA
"85","X25140.2.0",0.385925610281061,0.00539699715340054,-0.000499725649404303,0.00014738529685583,NA,NA,NA,NA,NA
"86","X25141.2.0",0.362893016189487,0.00537877420695814,-0.000204534552467894,6.72623408239351e-05,NA,NA,NA,NA,NA
"87","X25142.2.0",0.450017395653047,0.0050112611356657,-0.000570024540787406,0.000167358930005271,TRUE,0.245224,0.143243,3,1
"88","X25143.2.0",0.456124276596756,0.00428029681441194,-0.00029274249835004,0.000179968098890922,TRUE,0.222418,0.117583,3,0
"89","X25144.2.0",0.544248849699736,0.00614781190589168,-0.000359918887468647,0.0001593323081338,NA,NA,NA,NA,NA
"90","X25145.2.0",0.538638160499098,0.00435608728241418,-0.000775396192965749,0.000294122304812633,NA,NA,NA,NA,NA
"91","X25146.2.0",0.355446531688207,0.00628984485215006,-0.000531114072240224,0.000161691093435789,TRUE,0.300495,0.108683,19,0
"92","X25147.2.0",0.378354069238175,0.00561469399980023,-0.0004119531887957,0.000124789013055231,TRUE,0.343415,0.109484,28,0
"93","X25148.2.0",0.364839493280744,0.00510557344398634,-0.000447472839736207,0.000208783470134298,NA,NA,NA,NA,NA
"94","X25149.2.0",0.349570278447386,0.00439395939928941,-0.000436848795022282,0.000204438763126714,NA,NA,NA,NA,NA
"95","X25150.2.0",0.323355795311815,0.00774022162962322,-0.000376412585735164,0.000227681221159814,TRUE,0.288518,0.287951,2,2
"96","X25151.2.0",0.322303721785941,0.00571252689764688,-0.000305993163314988,9.24513298509404e-05,TRUE,0.34595,0.312997,2,2
"97","X25152.2.0",0.405081423959773,0.00741472868832565,-0.000200312410968984,5.8598445345449e-05,NA,NA,NA,NA,NA
"98","X25153.2.0",0.47392336599969,0.00772344752960142,-0.000393975881070707,0.000166736127769522,NA,NA,NA,NA,NA
"99","X25154.2.0",0.417365562422712,0.00412191117358167,-0.000430618228922186,0.000129833981889374,NA,NA,NA,NA,NA
"100","X25155.2.0",0.502737357064915,0.00542235845379132,-0.000408432525640934,0.00015918732669891,NA,NA,NA,NA,NA
"101","X25156.2.0",0.592646273824362,0.00527154885632824,0.000135896812429581,0.000302139872691804,NA,NA,NA,NA,NA
"102","X25157.2.0",0.34073339982343,0.00388744449990839,-0.000550200972184156,0.000414676553479145,NA,NA,NA,NA,NA
"103","X25158.2.0",0.500391347088198,0.00497054442163892,-0.000457427331345817,0.000171247122679444,NA,NA,NA,NA,NA
"104","X25159.2.0",0.467136013491852,0.00605045547323651,-0.000270474067969562,9.77566190149363e-05,NA,NA,NA,NA,NA
"105","X25160.2.0",0.550601659755095,0.00338058881433139,-6.69911729344053e-06,0.000233288505207363,NA,NA,NA,NA,NA
"106","X25161.2.0",0.470692556552723,0.00341100709594275,0.000105932613600945,0.000339227884512663,NA,NA,NA,NA,NA
"107","X25162.2.0",0.271785405296078,0.00601796307037015,-0.00074560222997293,0.000221331278031865,NA,NA,NA,NA,NA
"108","X25163.2.0",0.246552108256697,0.00561980516630242,-0.000204932858294793,0.000133530850714449,NA,NA,NA,NA,NA
"109","X25164.2.0",0.221301947188209,0.00472896048480285,0.000206834106733977,0.000170037999386706,NA,NA,NA,NA,NA
"110","X25165.2.0",0.29723602203319,0.00546415406013542,-0.000451064981580762,7.75577791343741e-05,NA,NA,NA,NA,NA
"111","X25166.2.0",0.383046351981335,0.00579720130547305,-0.000418909528897293,0.000100928701471584,NA,NA,NA,NA,NA
"112","X25167.2.0",0.410068706233017,0.0017190322786308,-0.000634793796395527,0.000178155553708681,NA,NA,NA,NA,NA
"113","X25168.2.0",0.597925809155412,0.00849207330346616,-0.000395756180987417,0.000180816114693721,NA,NA,NA,NA,NA
"114","X25169.2.0",0.553964600758159,0.00856835280805233,-0.000282962417941945,7.69817470038053e-05,NA,NA,NA,NA,NA
"115","X25170.2.0",0.590587300517271,0.00505047479882767,-0.000645675863172013,0.000268049387208074,NA,NA,NA,NA,NA
"116","X25171.2.0",0.590630706483412,0.00539254668894225,-0.000482750457529524,0.000220648073606676,NA,NA,NA,NA,NA
"117","X25172.2.0",0.599554922295623,0.00565628893370783,-0.000337893179988158,7.30541379877892e-05,NA,NA,NA,NA,NA
"118","X25173.2.0",0.53892818247931,0.00513695299105394,-0.000340813160419784,0.000103884374260383,NA,NA,NA,NA,NA
"119","X25174.2.0",0.569923135679448,0.00639308274580795,-0.00065645361940706,0.000711443994414214,NA,NA,NA,NA,NA
"120","X25175.2.0",0.577262377025132,0.00554611820637379,-0.0007978296661868,0.000287818746545703,NA,NA,NA,NA,NA
"121","X25176.2.0",0.51976656564113,0.00735433415712727,-0.00026633278556748,6.48570204313545e-05,NA,NA,NA,NA,NA
"122","X25177.2.0",0.538578462002319,0.00415417650911242,-0.000848104588852094,0.000374267709207143,NA,NA,NA,NA,NA
"123","X25178.2.0",0.464919224339885,0.00652585484851051,-0.000723623097091197,0.000461812147957743,TRUE,0.308328,0.198111,1,1
"124","X25179.2.0",0.477916909968869,0.005093890513251,-0.000564419829315466,0.000351807123783924,NA,NA,NA,NA,NA
"125","X25180.2.0",0.547862550778961,0.00492033599088065,-0.000242377047963183,0.000105158008382636,NA,NA,NA,NA,NA
"126","X25181.2.0",0.504286110561362,0.00612124605486629,-0.000424024966588887,0.000130718340240464,NA,NA,NA,NA,NA
"127","X25182.2.0",0.551893585099229,0.004651621019385,-0.000445972619468038,0.000157955714529612,NA,NA,NA,NA,NA
"128","X25183.2.0",0.484036640200859,0.00303965723191506,-0.000265672284928886,5.5068754553745e-05,NA,NA,NA,NA,NA
"129","X25184.2.0",0.423603510031356,0.00419161319424813,-0.000451142894094314,0.000206282211163027,NA,NA,NA,NA,NA
"130","X25185.2.0",0.417083204879793,0.00652539928297638,-8.98537751656825e-05,0.00019125926568131,NA,NA,NA,NA,NA
"131","X25186.2.0",0.331241594014806,0.00435589860860579,-0.000410202922289693,0.000156646223157175,NA,NA,NA,NA,NA
"132","X25187.2.0",0.321261100921118,0.00782004176493605,-0.000551747175522199,0.00035180581110904,NA,NA,NA,NA,NA
"133","X25188.2.0",0.527136344927255,0.00521177565408738,-0.000652365970091573,0.000314591743415556,NA,NA,NA,NA,NA
"134","X25189.2.0",0.50823354772358,0.00469706631327797,-0.000532328224530687,0.000229760424738786,NA,NA,NA,NA,NA
"135","X25190.2.0",0.401191496775434,0.00514761656090811,-0.000394553390633989,0.000110338080365605,NA,NA,NA,NA,NA
"136","X25191.2.0",0.372867109308028,0.00432801307373076,-0.000716166124997897,0.000277790809611172,NA,NA,NA,NA,NA
"137","X25192.2.0",0.421205432512503,0.00429827823216261,-0.000867674998600254,0.000305010477613929,NA,NA,NA,NA,NA
"138","X25193.2.0",0.486097430041793,0.00465391365825503,-0.00036160247486321,0.000116868633750208,NA,NA,NA,NA,NA
"139","X25194.2.0",0.355586735731351,0.00454256283412277,-0.000413213848477323,0.000231879740934958,NA,NA,NA,NA,NA
"140","X25195.2.0",0.408114502168041,0.00617203965570031,-0.000628465403394918,0.000302054819889434,NA,NA,NA,NA,NA
"141","X25196.2.0",0.368905850811095,0.0049385919814212,-0.000312895796945012,0.000119944808305995,NA,NA,NA,NA,NA
"142","X25197.2.0",0.391511635617748,0.00520756877441581,-0.000308867919895728,0.000211240478818227,NA,NA,NA,NA,NA
"143","X25198.2.0",0.433493445585644,0.00364511463055211,-0.0011552662698509,0.000283491813462205,NA,NA,NA,NA,NA
"144","X25199.2.0",0.427238019120572,0.00704938169067064,-0.000244600440977472,0.000133543205774171,TRUE,0.2795,0.057428,3,0
"145","X25200.2.0",0.452967551900961,0.00353891225720197,-0.000275155235504121,7.93338508631618e-05,NA,NA,NA,NA,NA
"146","X25201.2.0",0.452089172906088,0.00452289257468894,-0.000565132798133372,0.000233352426956998,NA,NA,NA,NA,NA
"147","X25202.2.0",0.41096441643832,0.00527909433251483,-5.64259130475531e-07,0.000247944647294117,NA,NA,NA,NA,NA
"148","X25203.2.0",0.491071525763092,0.00580590637608815,-0.000434511846769237,0.000130123239102636,NA,NA,NA,NA,NA
"149","X25204.2.0",0.496688793083667,0.00465715015965068,-0.000830651781264025,0.000399319970752654,NA,NA,NA,NA,NA
"150","X25205.2.0",0.413840761814994,0.00477850505970156,-0.000726819876070373,0.000257263223455269,NA,NA,NA,NA,NA
"151","X25206.2.0",0.357323402851343,0.00451960297984714,-0.000279983347763135,0.000123028079043942,NA,NA,NA,NA,NA
"152","X25207.2.0",0.326445378892331,0.00449615787025839,-0.000742285793073405,0.000327246434993454,NA,NA,NA,NA,NA
"153","X25208.2.0",0.468577127281368,0.00469311831640857,-0.000730790856234709,0.000348522742787131,NA,NA,NA,NA,NA
"154","X25209.2.0",0.511930684678938,0.00537928102479311,-0.00049125227737844,0.000235215144177756,NA,NA,NA,NA,NA
"155","X25210.2.0",0.385452190625124,0.00708788429478865,-0.000361589624004877,0.000105703061894889,NA,NA,NA,NA,NA
"156","X25211.2.0",0.357733079808137,0.00256983745981297,-0.000477900315605462,0.00022733579440955,NA,NA,NA,NA,NA
"157","X25212.2.0",0.475690881644326,0.0182198955302551,-0.00059826826551902,0.000186217624655197,NA,NA,NA,NA,NA
"158","X25213.2.0",0.38046577208494,0.0062105672356359,-0.000828919443355591,0.000360623614077142,NA,NA,NA,NA,NA
"159","X25214.2.0",0.463716751645707,0.00312960871058501,-0.000726546902993264,0.000445534658220297,NA,NA,NA,NA,NA
"160","X25215.2.0",0.435683462505729,0.00336471449311929,-0.000238873137302542,6.77981113507808e-05,NA,NA,NA,NA,NA
"161","X25216.2.0",0.447404889018995,0.0085730693688805,-0.000153164472305745,0.000330671096555997,NA,NA,NA,NA,NA
"162","X25217.2.0",0.445227129851522,0.00804300152232472,-0.000519820756122114,0.000256082745411629,NA,NA,NA,NA,NA
"163","X25218.2.0",0.62970119960803,0.00343343896064394,-0.000321671087509245,0.00012217267252512,NA,NA,NA,NA,NA
"164","X25219.2.0",0.639056553351048,0.00500541821544438,-0.000142467959314674,5.90241771740809e-05,NA,NA,NA,NA,NA
"165","X25220.2.0",0.476933147442853,0.00716582542993542,-0.000325677992351059,0.00017219238530858,NA,NA,NA,NA,NA
"166","X25221.2.0",0.557939304340443,0.0148735552139005,-0.000240085392882738,8.2735375683411e-05,NA,NA,NA,NA,NA
"167","X25222.2.0",0.515746363994592,0.00365189852970791,-0.000170325712563368,4.73739935788504e-05,NA,NA,NA,NA,NA
"168","X25223.2.0",0.488430314828444,0.00582979575375035,-0.00064222697910552,0.000309540403341532,NA,NA,NA,NA,NA
"169","X25224.2.0",0.551659108297119,0.0036139958008996,-0.000441421009178855,0.00014707047263376,NA,NA,NA,NA,NA
"170","X25225.2.0",0.612554630265962,0.00395413383208207,-0.000150311473495179,3.61193375267574e-05,NA,NA,NA,NA,NA
"171","X25226.2.0",0.429889857457926,0.0101893323580107,-0.000692761354862426,0.000290613795924714,NA,NA,NA,NA,NA
"172","X25227.2.0",0.458324566495958,0.00631809675841578,-0.000209606711620325,7.28817395893642e-05,NA,NA,NA,NA,NA
"173","X25228.2.0",0.39499933879896,0.00422926100542514,-0.000319353038427161,7.7005509014531e-05,NA,NA,NA,NA,NA
"174","X25229.2.0",0.379679109614685,0.00417986777151869,-0.000331746528477972,0.000162891562488252,NA,NA,NA,NA,NA
"175","X25230.2.0",0.436638645953796,0.00416323351637886,-0.000850647003693505,0.000428888558603557,NA,NA,NA,NA,NA
"176","X25231.2.0",0.60533493375393,0.00457536589897708,-0.000129346074274717,0.00047313887435618,NA,NA,NA,NA,NA
"177","X25232.2.0",0.441593819955464,0.00474784757994695,-0.000303463479868826,0.00017476061821397,NA,NA,NA,NA,NA
"178","X25233.2.0",0.452819356257275,0.00629578475191136,-0.00073920259218625,0.000246922408333004,NA,NA,NA,NA,NA
"179","X25234.2.0",0.502080311114982,0.00549296121827451,-0.000337595971207316,0.000133438763819092,NA,NA,NA,NA,NA
"180","X25235.2.0",0.551834342295053,0.00314496653636084,-0.000250633986664384,9.97257789648475e-05,NA,NA,NA,NA,NA
"181","X25236.2.0",0.454863983990285,0.00633657518630683,-0.000677135933381146,0.000310308630592656,NA,NA,NA,NA,NA
"182","X25237.2.0",0.470130093672945,0.0043707635808035,-0.000522998697885979,0.000182012872330493,NA,NA,NA,NA,NA
"183","X25238.2.0",0.368391368075179,0.00524588054610348,-0.00015187973451557,0.000357351176281365,NA,NA,NA,NA,NA
"184","X25239.2.0",0.40058405098984,0.00494536350293359,6.47318152718679e-05,9.12334866880832e-05,NA,NA,NA,NA,NA
"185","X25240.2.0",0.518177262129917,0.00439944738200296,-0.000318391482064906,0.000109947170427001,NA,NA,NA,NA,NA
"186","X25241.2.0",0.52776421273857,0.00498759654835428,-0.000429784534661792,0.000360128867162494,NA,NA,NA,NA,NA
"187","X25242.2.0",0.309770001496635,0.00660758512938229,-0.000203835881652115,6.31881679411742e-05,NA,NA,NA,NA,NA
"188","X25243.2.0",0.33180183858235,0.00355297428468842,-0.000275025825533104,0.000129813458889235,NA,NA,NA,NA,NA
"189","X25244.2.0",0.3941113273196,0.00478502064119826,-0.000263828427786816,9.0762207867515e-05,NA,NA,NA,NA,NA
"190","X25245.2.0",0.449804401297459,0.0057891100257295,-0.000383891509848566,0.000180257609069655,NA,NA,NA,NA,NA
"191","X25246.2.0",0.254058649664622,0.00659202899655338,-0.000202148606300701,6.18557394065132e-05,NA,NA,NA,NA,NA
"192","X25247.2.0",0.316232272745586,0.00637584928197409,-0.00070221633669596,0.000221721712512198,NA,NA,NA,NA,NA
"193","X25248.2.0",0.556995095056463,0.00486478827694606,-0.000602538189508683,0.000221948033146491,NA,NA,NA,NA,NA
"194","X25249.2.0",0.420099261593376,0.00256751963803438,-0.0010223139532296,0.00018969569954694,NA,NA,NA,NA,NA
"195","X25250.2.0",0.511214794708551,0.00510543232843797,7.71527665319405e-05,0.000329831088803427,NA,NA,NA,NA,NA
"196","X25251.2.0",0.539328591293898,0.0036099883300356,-0.000599435982876417,0.000194542189069413,NA,NA,NA,NA,NA
"197","X25252.2.0",0.587872821028624,0.00578047796945854,-0.000351058917495606,9.61850642305288e-05,NA,NA,NA,NA,NA
"198","X25253.2.0",0.481429042034876,0.0037428076905539,-0.000879073947963915,0.000290836314297641,TRUE,0.320382,0.173909,3,0
"199","X25254.2.0",0.350452260741939,0.00709533406992762,-0.000360012641803364,7.66668021336398e-05,NA,NA,NA,NA,NA
"200","X25255.2.0",0.363065842232442,0.00391453943542435,0.000130806413348583,0.00012668406096715,NA,NA,NA,NA,NA
"201","X25256.2.0",0.389522099719585,0.00483299697327115,-0.000477147702959779,0.000185805196714887,NA,NA,NA,NA,NA
"202","X25257.2.0",0.409118327951208,0.00456071654906061,-0.000581718540421905,0.00034802642928779,NA,NA,NA,NA,NA
"203","X25258.2.0",0.35468250216904,0.00460452093858238,-0.000425322930413685,0.0002148946488904,NA,NA,NA,NA,NA
"204","X25259.2.0",0.32175330587619,0.00472574569684994,-0.000413614726699985,0.00018612307197396,NA,NA,NA,NA,NA
"205","X25260.2.0",0.341070866479018,0.00376239137915998,-0.000488771717086023,0.000363813218433806,NA,NA,NA,NA,NA
"206","X25261.2.0",0.336239524990835,0.00421891574018259,-0.000605165168044941,0.000287685896524665,TRUE,0.337843,0.3523,4,27
"207","X25262.2.0",0.463466729686041,0.00628332958360082,-0.000804214306951545,0.000284097119435803,NA,NA,NA,NA,NA
"208","X25263.2.0",0.433684755828705,0.00561713468512074,-0.000563043800980267,0.000119164871754602,NA,NA,NA,NA,NA
"209","X25264.2.0",0.404476672186561,0.006068194415693,-0.000139991276937856,0.000163428120450195,NA,NA,NA,NA,NA
"210","X25265.2.0",0.402279894773257,0.00521409441303724,-0.000519059804138045,0.000150103208292883,NA,NA,NA,NA,NA
"211","X25266.2.0",0.523306539054096,0.00400591481584905,-5.79863840775574e-05,0.000210016778203198,NA,NA,NA,NA,NA
"212","X25267.2.0",0.512843335314799,0.00418496460189197,-0.000553561135142,0.000151561116367042,NA,NA,NA,NA,NA
"213","X25268.2.0",0.504773244274478,0.00407847554251417,-0.000380857637699494,0.00010127632837511,NA,NA,NA,NA,NA
"214","X25269.2.0",0.48191726805275,0.00507707961662189,-0.000254072216939183,0.000171294254653288,NA,NA,NA,NA,NA
"215","X25270.2.0",0.582962296926835,0.0029271599122966,-0.000502067821384911,0.000191115135310404,NA,NA,NA,NA,NA
"216","X25271.2.0",0.569884403110188,0.00563892186620243,-2.93441947459949e-05,0.000128364398024415,NA,NA,NA,NA,NA
"217","X25272.2.0",0.562191513192217,0.00666654869391154,-0.000410694689314617,0.000333628271309582,NA,NA,NA,NA,NA
"218","X25273.2.0",0.565099160842062,0.00316923507544076,-0.000644722592958291,0.00035310443990957,NA,NA,NA,NA,NA
"219","X25274.2.0",0.552232500835214,0.00547695067202487,-0.000684287068244371,0.00027330307684837,NA,NA,NA,NA,NA
"220","X25275.2.0",0.562878745379814,0.00465809753245636,-0.000287685011084371,0.000102666279015332,NA,NA,NA,NA,NA
"221","X25276.2.0",0.496730381033099,0.00403827847506595,-0.000530544900888996,0.000186479915883421,NA,NA,NA,NA,NA
"222","X25277.2.0",0.512944790460893,0.00227403181684886,-0.000407267716842585,0.000156956130697302,NA,NA,NA,NA,NA
"223","X25278.2.0",0.516833640215978,0.00489141582455151,-0.000311503562160975,0.000234476207548506,NA,NA,NA,NA,NA
"224","X25279.2.0",0.474375543879841,0.00560638839930641,-0.000239868588927761,0.000272559985433481,NA,NA,NA,NA,NA
"225","X25280.2.0",0.468285728771327,0.00516880230476304,-0.000614148761724365,0.000194761993112188,NA,NA,NA,NA,NA
"226","X25281.2.0",0.483025857757345,0.00483832741141381,-0.00027115820525867,6.21636390286068e-05,NA,NA,NA,NA,NA
"227","X25282.2.0",0.500529407724956,0.00828043428521953,-0.000492891987002553,0.000183756929571941,TRUE,0.31645,0.322935,3,2
"228","X25283.2.0",0.517782617587138,0.00618431952718305,-0.000804599841268949,0.000281307662386387,NA,NA,NA,NA,NA
"229","X25284.2.0",0.371527562546437,0.00412231100565268,-0.000597815825873349,0.000180942107579523,NA,NA,NA,NA,NA
"230","X25285.2.0",0.355784366284722,0.00387761040844457,-0.000323726247156753,0.000114127836833798,NA,NA,NA,NA,NA
"231","X25286.2.0",0.468072059217587,0.00354084529164055,-0.000691800828860467,0.000210635627592406,NA,NA,NA,NA,NA
"232","X25287.2.0",0.471510486801354,0.00412858027962036,-0.000524001890968662,0.000195469570459077,NA,NA,NA,NA,NA
"233","X25288.2.0",0.514028210524011,0.00411681639955102,-0.000745379064777185,0.000190431132690158,NA,NA,NA,NA,NA
"234","X25289.2.0",0.502630073062129,0.00265236503183366,-0.000574918226481969,0.000216169922924647,NA,NA,NA,NA,NA
"235","X25290.2.0",0.382486726760996,0.00600356526757813,-0.000924918797851659,0.000444413071981397,NA,NA,NA,NA,NA
"236","X25291.2.0",0.345444624658096,0.00490774554466836,-0.000347927512076751,9.95682423592708e-05,NA,NA,NA,NA,NA
"237","X25292.2.0",0.338634202770481,0.00545419586988805,-0.00071178290534244,0.000333534293151331,NA,NA,NA,NA,NA
"238","X25293.2.0",0.338405381268489,0.0038568989535469,-0.000901962636662157,0.000322310493292982,TRUE,0.333058,0.23463,2,0
"239","X25294.2.0",0.350390702181879,0.00693444239568431,-0.000849302663135809,0.000377570834981768,NA,NA,NA,NA,NA
"240","X25295.2.0",0.25604672802746,0.00505818048826397,-0.000793197816155489,0.000227765551609187,NA,NA,NA,NA,NA
"241","X25296.2.0",0.50688744001335,0.0050002905637986,-0.000470538559103173,0.000148664487326157,NA,NA,NA,NA,NA
"242","X25297.2.0",0.400892322445444,0.00429805279534177,-0.00069014651823458,0.000314661834185756,NA,NA,NA,NA,NA
"243","X25298.2.0",0.551980132034191,0.00384213406120393,-0.000849146844613791,0.000206327118252522,TRUE,0.447627,0.327921,8,3
"244","X25299.2.0",0.564570833640049,0.00288724131009156,-0.000204987603837004,0.000115302563008151,NA,NA,NA,NA,NA
"245","X25300.2.0",0.548239938254217,0.00536255855932763,-0.000677347157763819,0.000242698422321484,TRUE,0.391649,0.213918,9,2
"246","X25301.2.0",0.452184844087157,0.00562828868398442,-0.000268131374068992,0.000211223264072787,NA,NA,NA,NA,NA
"247","X25302.2.0",0.409690180083085,0.00536476307650894,-0.00022776248847528,0.000108496735246263,NA,NA,NA,NA,NA
"248","X25303.2.0",0.378542236190488,0.00549771754426515,-0.000532217886581976,0.000272894867628475,NA,NA,NA,NA,NA
"249","X25304.2.0",0.427464817994433,0.0039691763723163,-0.000703630340881722,0.00025358350067656,NA,NA,NA,NA,NA
"250","X25305.2.0",0.449167744384861,0.00354845825004479,-0.000185729487527353,0.000184940063694115,NA,NA,NA,NA,NA
"251","X25306.2.0",0.3734319675329,0.00362402348269119,-0.000418505541908964,0.000209709190035564,NA,NA,NA,NA,NA
"252","X25307.2.0",0.349026647560057,0.00539861939088557,-0.000576988756272479,0.00015350171364632,NA,NA,NA,NA,NA
"253","X25308.2.0",0.346121670596704,0.00646157488582912,-0.000472231403278522,0.000159987729286274,NA,NA,NA,NA,NA
"254","X25309.2.0",0.337917163079237,0.002949404474056,-0.00024377859537994,5.48198843488588e-05,NA,NA,NA,NA,NA
"255","X25310.2.0",0.470872233558708,0.0061473725749488,-0.000541941568756377,0.000268020212279456,TRUE,0.324603,0.115315,3,0
"256","X25311.2.0",0.456230868370434,0.00570099333396235,-0.000240340492705582,0.000242023636344513,TRUE,0.30119,0.119818,3,0
"257","X25312.2.0",0.428248215982699,0.00396492710636904,-0.000522754708098705,0.000222518027600396,NA,NA,NA,NA,NA
"258","X25313.2.0",0.423247103510283,0.00480296549307002,-0.000313314181515201,0.000140876024164091,NA,NA,NA,NA,NA
"259","X25314.2.0",0.528493127975082,0.00362341539957799,-0.000592314836701702,0.00022006145822146,NA,NA,NA,NA,NA
"260","X25315.2.0",0.537415795521838,0.00549765591905064,-0.000377295263239064,0.000143904947245276,NA,NA,NA,NA,NA
"261","X25316.2.0",0.539049464341325,0.00261434697601153,-0.000184166306054512,6.62343364908928e-05,TRUE,0.353268,0.151347,10,0
"262","X25317.2.0",0.507706333186196,0.00381655959274873,-0.000108352907033549,9.69330408208485e-05,TRUE,0.371504,0.12563,10,0
"263","X25318.2.0",0.592366558410811,0.00450529025963166,-0.000656609642989214,0.000269379453777967,TRUE,0.39816,0.296691,10,0
"264","X25319.2.0",0.59940516684011,0.00354937807822554,-0.000810178725950195,0.000240102076788856,NA,NA,NA,NA,NA
"265","X25320.2.0",0.575396402521752,0.00432585857073339,-0.000222802730850957,0.000104455782417386,NA,NA,NA,NA,NA
"266","X25321.2.0",0.578260376414799,0.00465511967679039,-0.000523939542213703,0.000196980695289674,NA,NA,NA,NA,NA
"267","X25322.2.0",0.534015866321208,0.00408109927464856,-0.000723640080100008,0.000273262533240207,NA,NA,NA,NA,NA
"268","X25323.2.0",0.549290277079732,0.00307574423160384,-0.0003332433448895,0.000172396847332568,NA,NA,NA,NA,NA
"269","X25324.2.0",0.498534184434744,0.00382307612620526,-0.000522894630325155,0.000124466229163445,TRUE,0.340192,0.270535,7,2
"270","X25325.2.0",0.509339780529694,0.00441921441807844,-0.000266720847919744,0.000105955456621636,NA,NA,NA,NA,NA
"271","X25326.2.0",0.506015734232031,0.00617266858173709,-0.00041557624167109,0.00019135901579064,NA,NA,NA,NA,NA
"272","X25327.2.0",0.502022461469735,0.00321840033259329,-0.000724426483922569,0.000353183960621968,NA,NA,NA,NA,NA
"273","X25328.2.0",0.492160645819774,0.00672014192810332,-0.000347059880106537,9.57429444421418e-05,NA,NA,NA,NA,NA
"274","X25329.2.0",0.475332328872548,0.00818983078520521,-0.000268136971551625,0.000115803755736369,NA,NA,NA,NA,NA
"275","X25330.2.0",0.553269328185836,0.00412152753153234,-0.000312547269732577,0.000139242962640266,NA,NA,NA,NA,NA
"276","X25331.2.0",0.552729282261133,0.00467705070502245,7.79940618561459e-05,0.000169933653611377,NA,NA,NA,NA,NA
"277","X25332.2.0",0.37746485855292,0.0030686399144534,-0.000259614135752528,9.48053139394476e-05,NA,NA,NA,NA,NA
"278","X25333.2.0",0.375938301676298,0.00530684264665432,-0.000712032122753503,0.000237631130655103,TRUE,0.378819,0.196641,18,0
"279","X25334.2.0",0.463185164254992,0.00465320233325295,-0.000585981869430041,0.000130210561169906,NA,NA,NA,NA,NA
"280","X25335.2.0",0.477307982544369,0.00446745472689769,-0.000232637975810479,0.000186691014329649,NA,NA,NA,NA,NA
"281","X25336.2.0",0.536026365386308,0.00427550072867475,-0.00021364521754933,0.000108417232176825,NA,NA,NA,NA,NA
"282","X25337.2.0",0.576605166776784,0.00454935035871121,0.000292264947894161,0.000315876179179547,NA,NA,NA,NA,NA
"283","X25338.2.0",0.429931395100357,0.00516010779965089,-0.000379575674154053,0.00011660475862362,NA,NA,NA,NA,NA
"284","X25339.2.0",0.434115615637485,0.00522553509476325,-0.000259831146508893,0.000417469706922886,NA,NA,NA,NA,NA
"285","X25340.2.0",0.33744755223611,0.00333425020138197,-0.000164396281230639,6.60436205090424e-05,TRUE,0.356145,0.199766,7,0
"286","X25341.2.0",0.369118569008285,0.00496163503412035,-0.000688112285388809,0.000314662683144484,NA,NA,NA,NA,NA
"287","X25342.2.0",0.353377599862229,0.00613757624231353,-0.000420463498617707,0.000113814899834373,NA,NA,NA,NA,NA
"288","X25343.2.0",0.307911167575896,0.0043792050455825,-0.000429586146943439,0.000129707038910503,NA,NA,NA,NA,NA
"289","X25344.2.0",0.704480274863187,0.00580602411646386,-0.000452156886548694,0.000171947237270357,NA,NA,NA,NA,NA
"290","X25345.2.0",0.465467402298841,0.00393881946440219,-0.00014171806673704,0.000226841483368453,NA,NA,NA,NA,NA
"291","X25346.2.0",0.590325418769222,0.0059828079052755,-0.000247941254202855,0.000198818845155346,NA,NA,NA,NA,NA
"292","X25347.2.0",0.620461635384818,0.00505085734867579,-0.000274163367055202,0.000158861233101026,NA,NA,NA,NA,NA
"293","X25348.2.0",0.571733951351333,0.00733420036828592,-0.000807292153123917,0.000417984540665425,NA,NA,NA,NA,NA
"294","X25349.2.0",0.282636078674088,0.00295007410214976,-0.000346123609862326,0.000176748461294048,NA,NA,NA,NA,NA
"295","X25350.2.0",0.428804178852541,0.00287028021923642,-0.000468910270846923,0.000164449980761731,NA,NA,NA,NA,NA
"296","X25351.2.0",0.507157207316813,0.00490969698930268,-0.000495594341321315,0.000231334008689929,NA,NA,NA,NA,NA
"297","X25352.2.0",0.587800106541876,0.00540181438834603,-0.000781188658367049,0.0002611514911768,NA,NA,NA,NA,NA
"298","X25353.2.0",0.677655325085474,0.00268637482288646,-0.000346850468387472,9.6681757707674e-05,NA,NA,NA,NA,NA
"299","X25354.2.0",0.512029178695242,0.00616637373631771,-0.000503220070357668,0.000296502129926718,NA,NA,NA,NA,NA
"300","X25355.2.0",0.523517156182699,0.00418760398131236,-0.000638269570455297,0.000192854755773738,NA,NA,NA,NA,NA
"301","X25356.2.0",0.447717969843938,0.00396547391569868,-0.000311945266131186,0.000124938966405565,NA,NA,NA,NA,NA
"302","X25357.2.0",0.453953127313645,0.00410476381901906,-0.000492990557161921,0.000245618273031327,NA,NA,NA,NA,NA
"303","X25358.2.0",0.473715963688354,0.00417636456766981,-0.000416707152965579,0.000169612515611931,NA,NA,NA,NA,NA
"304","X25359.2.0",0.485196924498094,0.00450263303709153,-0.000292272730064269,7.91523664700624e-05,NA,NA,NA,NA,NA
"305","X25360.2.0",0.514802417613635,0.00454278232596949,-5.67106066942991e-05,4.94083734250648e-05,NA,NA,NA,NA,NA
"306","X25361.2.0",0.516388827985799,0.00376384234217025,-0.000172622615803497,0.000187900791012726,NA,NA,NA,NA,NA
"307","X25362.2.0",0.538026556970082,0.00399028516771893,-0.000501607058928233,0.00013230562835559,NA,NA,NA,NA,NA
"308","X25363.2.0",0.529688483727903,0.00498914572403355,-0.000412448981764246,0.000125826168978264,NA,NA,NA,NA,NA
"309","X25364.2.0",0.599719145794862,0.0039817562511741,-0.000769083354399491,0.000334733537554558,NA,NA,NA,NA,NA
"310","X25365.2.0",0.583629598347449,0.00475868269974946,-0.00023237563382732,0.000140392161236033,NA,NA,NA,NA,NA
"311","X25366.2.0",0.623842197232926,0.00480903772493382,-0.000457673060633279,0.000118975578354105,NA,NA,NA,NA,NA
"312","X25367.2.0",0.640734041367485,0.0036594758687684,-0.000376897424970402,0.000280284364308317,NA,NA,NA,NA,NA
"313","X25368.2.0",0.597072623517288,0.00332781061501576,-0.000388775144847642,0.000221644691763724,NA,NA,NA,NA,NA
"314","X25369.2.0",0.602219839219548,0.00517681018287767,-0.000395272457777751,0.000131612152828488,NA,NA,NA,NA,NA
"315","X25370.2.0",0.596729049062703,0.00417126864542751,-0.000636241242380231,0.000185458168786546,NA,NA,NA,NA,NA
"316","X25371.2.0",0.604139509436896,0.0035779667334264,-0.000591225330774914,0.000280125243291522,NA,NA,NA,NA,NA
"317","X25372.2.0",0.588637109945872,0.00385973821676889,-0.00123019247261087,0.000299545361709719,NA,NA,NA,NA,NA
"318","X25373.2.0",0.580169284565729,0.00380544546618509,-0.000326984114344386,0.0001615427638197,NA,NA,NA,NA,NA
"319","X25374.2.0",0.597889898839309,0.00483382850465145,-0.00037640199457365,0.000103268735699106,NA,NA,NA,NA,NA
"320","X25375.2.0",0.576534101435029,0.00367045075660846,-0.000447434971562344,0.000203217153993417,NA,NA,NA,NA,NA
"321","X25376.2.0",0.610923593453555,0.00363402562004032,-0.000534798897173916,0.000121205352851137,NA,NA,NA,NA,NA
"322","X25377.2.0",0.575900643216801,0.0035714992402664,-0.000720489248661183,0.000289160242699743,NA,NA,NA,NA,NA
"323","X25378.2.0",0.583853945099934,0.0100394575917041,-0.000491243911743966,0.000169736064332529,NA,NA,NA,NA,NA
"324","X25379.2.0",0.610916382228241,0.00763470685885654,-0.000136205266667788,4.88660801576813e-05,NA,NA,NA,NA,NA
"325","X25380.2.0",0.470330608185204,0.00392565891502116,-0.000534003861859667,0.000207407514831267,TRUE,0.488747,0.312588,44,7
"326","X25381.2.0",0.438803733304444,0.00796990839797384,-0.000451426421437939,0.000210527489861946,NA,NA,NA,NA,NA
"327","X25382.2.0",0.468971040467932,0.0044148678505336,-0.000768642116008666,0.000238570784273839,NA,NA,NA,NA,NA
"328","X25383.2.0",0.474330280197223,0.00392455537903525,-2.0252596950765e-05,0.000270548504024682,NA,NA,NA,NA,NA
"329","X25384.2.0",0.608067023001706,0.0031514448146217,0.000232025024486981,0.00027542205411199,NA,NA,NA,NA,NA
"330","X25385.2.0",0.607096262383812,0.00279183260138014,-0.000131935548428919,0.000297895115446749,NA,NA,NA,NA,NA
"331","X25386.2.0",0.455825321316327,0.00609339143241695,1.01116930829037e-05,0.000230218621656189,NA,NA,NA,NA,NA
"332","X25387.2.0",0.480613879125287,0.00389473131277949,-0.000249815654509489,0.000193426485620334,NA,NA,NA,NA,NA
"333","X25388.2.0",0.430324860265716,0.00455018303734198,-0.000636989062920379,0.000234830120186399,NA,NA,NA,NA,NA
"334","X25389.2.0",0.424423917578955,0.00512765100715254,-0.000540160631618314,0.00025086410263451,NA,NA,NA,NA,NA
"335","X25390.2.0",0.376458352320701,0.00433541776359049,-0.000557179184185086,0.000760741422468671,NA,NA,NA,NA,NA
"336","X25391.2.0",0.386139392948941,0.00444345455831043,-0.00034680616333177,0.000242091965026936,NA,NA,NA,NA,NA
"337","X25392.2.0",0.527936514439545,0.00572295459384998,-0.000331524351352264,0.00032218060249794,TRUE,0.307031,0.191818,8,1
"338","X25393.2.0",0.449807704855523,0.00776755230246222,-0.000853679596057111,0.000165545570502438,TRUE,0.188847,0.144693,1,9
"339","X25394.2.0",0.58196093262589,0.00353534921607629,-0.000454855688727229,0.000158956984537405,TRUE,0.353893,0.222388,2,7
"340","X25395.2.0",0.589102846287848,0.00344205980438349,-0.000125173528601297,0.000403391007670759,NA,NA,NA,NA,NA
"341","X25396.2.0",0.594162334431913,0.0053660687121067,-0.000351790115191197,0.000519126315886572,TRUE,0.419834,0.21741,5,0
"342","X25397.2.0",0.324184075805577,0.00455007635047564,-0.000509425807938957,0.000176864907558514,NA,NA,NA,NA,NA
"343","X25398.2.0",0.406803722729449,0.00498954487255039,-0.000225957838745106,6.1834214798173e-05,TRUE,0.211068,0.125873,0,0
"344","X25399.2.0",0.484990056005631,0.00460240740910195,7.86930895654181e-05,0.000136669514550843,NA,NA,NA,NA,NA
"345","X25400.2.0",0.4950567358384,0.00552410672283637,-0.000203587429252416,0.000138057159072417,TRUE,0.368207,0.097548,1,0
"346","X25401.2.0",0.501413293821151,0.00281445176600577,-0.00028689855529993,6.65329015473705e-05,NA,NA,NA,NA,NA
"347","X25402.2.0",0.397991798207343,0.0036740563851179,-0.000351855988838046,0.000208808458415143,NA,NA,NA,NA,NA
"348","X25403.2.0",0.35572385939706,0.00601482820098331,-0.000183859574474599,8.59110455432834e-05,NA,NA,NA,NA,NA
"349","X25404.2.0",0.360908175641158,0.00473295747046202,-0.000294140640874452,7.55273172508598e-05,NA,NA,NA,NA,NA
"350","X25405.2.0",0.354172511747636,0.00461372169454188,-0.000254652299061475,6.74570591934604e-05,TRUE,0.397856,0.320962,2,9
"351","X25406.2.0",0.482551749817694,0.00632964872904234,-0.000514989903680418,0.000132518649425127,TRUE,0.365826,0.296394,14,22
"352","X25407.2.0",0.443043608639183,0.0027440315281003,-0.000580264042370904,0.000286093359102477,NA,NA,NA,NA,NA
"353","X25408.2.0",0.613481612703121,0.00460761469533819,-0.0006909497026095,0.00030633117567742,NA,NA,NA,NA,NA
"354","X25409.2.0",0.540391850890859,0.00407529110874992,-0.000135211053647555,0.000350626123492638,NA,NA,NA,NA,NA
"355","X25410.2.0",0.611561481906483,0.00500837250355778,-0.000554795501844918,0.000154308705806512,TRUE,0.409778,0.297936,8,5
"356","X25411.2.0",0.613846981854828,0.00362395054844324,-0.000635096134078328,0.000219897211312612,NA,NA,NA,NA,NA
"357","X25412.2.0",0.583134624517777,0.00404092211961908,-0.000421905304921921,0.000102852908525903,TRUE,0.291291,0.184367,6,0
"358","X25413.2.0",0.54400562617698,0.00520446402572017,-0.000742063293049089,0.000251270093094265,TRUE,0.307799,0.164897,2,1
"359","X25414.2.0",0.641420912551524,0.00289682029391743,-0.000994534020435167,0.000214665517155876,TRUE,0.420718,0.132778,8,0
"360","X25415.2.0",0.600698106588049,0.00451650010284705,-0.000307877759326902,0.000438513199642982,NA,NA,NA,NA,NA
"361","X25416.2.0",0.606186556270099,0.00228338605618341,-0.000249260138131935,0.000114174729582281,NA,NA,NA,NA,NA
"362","X25417.2.0",0.612126730636451,0.00194152378754844,-0.000815622968774909,0.000232239540680963,TRUE,0.412771,0.210794,2,2
"363","X25418.2.0",0.554294679924716,0.00427825013413827,-0.000641047487506463,0.00021870552550044,NA,NA,NA,NA,NA
"364","X25419.2.0",0.548829867748831,0.00421756507513735,-0.000288265104130214,0.000147416195585151,NA,NA,NA,NA,NA
"365","X25420.2.0",0.559037216899809,0.0033792288054502,-0.000680123646741104,0.000384521652479566,TRUE,0.324461,0.07655,9,0
"366","X25421.2.0",0.612977605737753,0.00355162532201611,-0.000456105926668937,0.000147691993465859,TRUE,0.314344,0.106393,6,0
"367","X25422.2.0",0.508717393080789,0.00356404604081238,0.000126161134292313,9.28899613847435e-05,TRUE,0.398558,0.120824,7,0
"368","X25423.2.0",0.477052548087252,0.00523947308760934,-0.000488389264225564,0.000241241553672608,TRUE,0.430247,0.062365,2,0
"369","X25424.2.0",0.598805311000384,0.00503710440127999,-0.000514139260241175,0.000199587971694897,TRUE,0.461666,0.231238,17,1
"370","X25425.2.0",0.649762831496458,0.0123598967219139,-0.000303231295825634,0.000333585113171897,NA,NA,NA,NA,NA
"371","X25426.2.0",0.368016616698516,0.00435660597668288,-0.000397194287195268,0.000207043596921386,NA,NA,NA,NA,NA
"372","X25427.2.0",0.397886215547311,0.00453056334626105,-0.000540228885167349,0.000351204895398055,NA,NA,NA,NA,NA
"373","X25428.2.0",0.547697210808942,0.00653366466578419,-0.0003738559210126,8.33367374884866e-05,TRUE,0.320691,0.159037,1,0
"374","X25429.2.0",0.498179962048111,0.00372857013168646,-0.000436442897938272,0.000136353108668406,TRUE,0.320224,0.154411,0,0
"375","X25430.2.0",0.601471306434256,0.00626704879910958,-0.00031414032383732,8.33924225935016e-05,NA,NA,NA,NA,NA
"376","X25431.2.0",0.478132584923369,0.0056830699774369,-0.000292288866965174,9.46366572766913e-05,TRUE,0.30923,0.250414,0,0
"377","X25432.2.0",0.714895559909247,0.00352580406341715,-0.000480111118109017,9.92262663656074e-05,TRUE,0.4038,0.165184,17,0
"378","X25433.2.0",0.685576159832683,0.00317794065689987,-0.000190457943311728,9.94529465521492e-05,NA,NA,NA,NA,NA
"379","X25434.2.0",0.32459702304581,0.00515126559852535,-0.000404771128389036,0.000111733041674587,TRUE,0.356431,0.221465,5,7
"380","X25435.2.0",0.461894674992213,0.0031334486022777,-0.000280258480012874,0.000141692117401967,NA,NA,NA,NA,NA
"381","X25436.2.0",0.438119265732013,0.00441849165591006,-0.000370406556564318,0.000102998910162787,TRUE,0.418372,0.218612,11,3
"382","X25437.2.0",0.467625238976364,0.00550114789195912,-0.000354017182604793,0.000117663446042237,NA,NA,NA,NA,NA
"383","X25438.2.0",0.544352530552016,0.00414524754479649,-0.000516226115615104,0.000292068836323379,NA,NA,NA,NA,NA
"384","X25439.2.0",0.531543057347033,0.00599455801145124,-0.00028861029304541,7.90222453480168e-05,NA,NA,NA,NA,NA
"385","X25440.2.0",0.515332331875395,0.00488178084601532,-0.000610882535494195,0.000209708378787632,NA,NA,NA,NA,NA
"386","X25441.2.0",0.46567507333375,0.00528107243998821,-0.000554733010504427,0.000168590148015697,NA,NA,NA,NA,NA
"387","X25442.2.0",0.489550796921631,0.00491276214775667,-0.000211905720350369,8.34150565011326e-05,NA,NA,NA,NA,NA
"388","X25443.2.0",0.503434918616548,0.00473844140527594,-0.000220680722277211,6.42483746887002e-05,NA,NA,NA,NA,NA
"389","X25444.2.0",0.51833606490972,0.00596794331561112,-0.000192808083138041,9.26416291088557e-05,NA,NA,NA,NA,NA
"390","X25445.2.0",0.432613922378654,0.00688252033810772,-0.000489457207024757,0.000186269548066193,NA,NA,NA,NA,NA
"391","X25446.2.0",0.396955317200817,0.00615867877689333,-0.000582762178865637,0.000256057789819803,NA,NA,NA,NA,NA
"392","X25447.2.0",0.415759229990784,0.0074322919299827,-0.000359953056895479,0.000189617274953898,NA,NA,NA,NA,NA
"393","X25448.2.0",0.501034796328013,0.00226673977681795,-0.000229566684518245,0.000179877422262276,NA,NA,NA,NA,NA
"394","X25449.2.0",0.506773292142355,0.00371627655064307,-0.000295519969844849,4.5948439913786e-05,NA,NA,NA,NA,NA
"395","X25450.2.0",0.24559898443102,0.0036460617372893,-0.000435500769184438,0.000174210461271597,NA,NA,NA,NA,NA
"396","X25451.2.0",0.265826357213957,0.00524429075181449,-0.000326424245614332,0.000417141700023187,NA,NA,NA,NA,NA
"397","X25452.2.0",0.314046212047723,0.00815874084295102,-0.000389694704828247,0.000145665409081044,NA,NA,NA,NA,NA
"398","X25453.2.0",0.316466199163391,0.00501222990386692,-0.000640354428917322,0.000193954877138695,NA,NA,NA,NA,NA
"399","X25454.2.0",0.377523730643221,0.00483647738824283,-0.000483563069370163,0.000264775009499007,NA,NA,NA,NA,NA
"400","X25455.2.0",0.328490595727782,0.00467054783800167,-0.000232408872792766,9.06838748498695e-05,NA,NA,NA,NA,NA
"401","X25456.2.0",0.470290775442115,0.00633239733384261,-0.000212348269971452,7.03619883449146e-05,NA,NA,NA,NA,NA
"402","X25457.2.0",0.443204512746554,0.0050256996352352,-0.000533344637571176,0.000209338585483215,NA,NA,NA,NA,NA
"403","X25458.2.0",0.440868186737668,0.0074408621744736,-0.000546562465233225,0.000200265090268443,NA,NA,NA,NA,NA
"404","X25459.2.0",0.35067005347163,0.00607440291146281,-0.000363563991034477,0.000164477991601713,NA,NA,NA,NA,NA
"405","X25460.2.0",0.498707126065325,0.00364817099858025,-0.000865676063103993,0.00033878924925287,NA,NA,NA,NA,NA
"406","X25461.2.0",0.480701870449852,0.00430082617043068,-0.000451269121494868,0.000175590937641654,NA,NA,NA,NA,NA
"407","X25462.2.0",0.65922816573811,0.0110226528450073,-5.59780674212695e-05,0.000333839770561908,NA,NA,NA,NA,NA
"408","X25463.2.0",0.699713626071024,0.00610203550383508,-0.000308012821723547,0.00011901393639535,NA,NA,NA,NA,NA
"409","X25464.2.0",0.508633501074131,0.00666335313017496,-0.000690234318147742,0.000300090815223119,NA,NA,NA,NA,NA
"410","X25465.2.0",0.502708232909275,0.0059570086184663,-0.00048243974729012,0.000130083060922724,NA,NA,NA,NA,NA
"411","X25466.2.0",0.613676005517948,0.00592108859324096,0.000215183431761667,0.000209413086858184,NA,NA,NA,NA,NA
"412","X25467.2.0",0.618889467452972,0.0058844469471115,-0.000525614699737398,0.000216564494182478,NA,NA,NA,NA,NA
"413","X25468.2.0",0.689962065537498,0.00388441296584998,-0.000293341166594607,0.000151399206465828,NA,NA,NA,NA,NA
"414","X25469.2.0",0.604296455452627,0.00537419329001104,-0.000428689372492075,0.000199794326909439,NA,NA,NA,NA,NA
"415","X25470.2.0",0.60412124221144,0.0252771799087991,-0.000597914976848379,0.000272552987549275,NA,NA,NA,NA,NA
"416","X25471.2.0",0.441864780264996,0.00595042922360631,-0.00076586016984399,0.000247682200410393,NA,NA,NA,NA,NA
"417","X25472.2.0",0.523237183208087,0.00321469088179779,-0.000836915033436925,0.000240616569356795,NA,NA,NA,NA,NA
"418","X25473.2.0",0.485845556369312,0.00731141469938877,-0.000527771541099908,0.000177949865984949,NA,NA,NA,NA,NA
"419","X25474.2.0",0.498093995669348,0.00564080610330608,-0.000142934944416817,0.000138432545865989,NA,NA,NA,NA,NA
"420","X25475.2.0",0.487404454756775,0.00426367367311111,-0.000575374510278837,0.000195399554586139,NA,NA,NA,NA,NA
"421","X25476.2.0",0.265959101995595,0.00489469997045633,-0.000681760559221156,0.000263630580213347,NA,NA,NA,NA,NA
"422","X25477.2.0",0.293323973812282,0.00519525883969346,-0.000418409958030819,0.000180995952910403,NA,NA,NA,NA,NA
"423","X25478.2.0",0.468930925957115,0.0073659469549628,-0.000254920990886909,0.000177441402620923,NA,NA,NA,NA,NA
"424","X25479.2.0",0.481777516493581,0.00385859827492409,-0.000547430812418215,0.000147519144567317,NA,NA,NA,NA,NA
"425","X25480.2.0",0.584609195886263,0.00540905437572723,-0.00041268931854439,0.000152997145969038,NA,NA,NA,NA,NA
"426","X25481.2.0",0.538365235623058,0.00917356992587521,-0.000355107316574987,0.000129194801063201,NA,NA,NA,NA,NA
"427","X25482.2.0",0.293692767239699,0.00597632902867413,-0.000234661963991556,0.000106206215449982,NA,NA,NA,NA,NA
"428","X25483.2.0",0.334049792326035,0.00438810155402886,-0.000812143988183056,0.000195725189732149,NA,NA,NA,NA,NA
"429","X25484.2.0",0.347168849121321,0.00488777656048898,-0.000337020740159355,0.000181139905485984,NA,NA,NA,NA,NA
"430","X25485.2.0",0.172305466069057,0.00512290276992796,-0.000392704572732294,0.000348899327582231,NA,NA,NA,NA,NA
"431","X25486.2.0",0.374618617899374,0.00375503236547642,-0.000321132003360192,0.000143897665012188,NA,NA,NA,NA,NA
"432","X25487.2.0",0.3486971625205,0.00466042436736043,-0.000507791552536552,0.000124703909618986,NA,NA,NA,NA,NA
"433","X25488.2.0",0.551019172019166,0.00408038359727095,-0.00046705599093062,0.000140615782765135,NA,NA,NA,NA,NA
"434","X25489.2.0",0.363844035459406,0.00327932152811625,-0.000309881375384069,0.000223990077972144,NA,NA,NA,NA,NA
"435","X25490.2.0",0.555452826530012,0.00346464589699333,-0.000697236734080842,0.000148447107165079,NA,NA,NA,NA,NA
"436","X25491.2.0",0.559642798880269,0.00397168919304742,-3.8350046094493e-05,0.000220168621078239,NA,NA,NA,NA,NA
"437","X25492.2.0",0.283694389203624,0.00490222528526442,-0.000793680321106915,0.000483203364963436,NA,NA,NA,NA,NA
"438","X25493.2.0",0.282252175103922,0.00713771333515568,-0.000413910700504139,0.000118563388707526,NA,NA,NA,NA,NA
"439","X25494.2.0",0.242664322670148,0.00556545998719138,-0.000383437773898665,8.97693313157929e-05,NA,NA,NA,NA,NA
"440","X25495.2.0",0.22779279376672,0.00727673896101928,0.00032685160751752,0.000161321206906921,NA,NA,NA,NA,NA
"441","X25496.2.0",0.516277141318498,0.00457916103984318,-0.00043960699856006,0.000175524989137668,NA,NA,NA,NA,NA
"442","X25497.2.0",0.517928235585795,0.00443708066172955,-0.000375448623072783,0.000116094381548096,NA,NA,NA,NA,NA
"443","X25498.2.0",0.377650367571757,0.00441782459520073,-0.000465002543966375,0.000107948726680625,NA,NA,NA,NA,NA
"444","X25499.2.0",0.562432753498833,0.00541632970442989,-0.000242137304009304,9.73419957099336e-05,NA,NA,NA,NA,NA
"445","X25500.2.0",0.582937901545281,0.00454445822514511,-0.000589439104238287,0.000268701524970672,NA,NA,NA,NA,NA
"446","X25501.2.0",0.600266276334105,0.00718616924053055,-0.000126024894532539,0.000349710183314122,NA,NA,NA,NA,NA
"447","X25502.2.0",0.616516591003346,0.00711502559374786,-0.000380581246939693,0.000144612590905351,NA,NA,NA,NA,NA
"448","X25503.2.0",0.61109741352861,0.0047339578941438,-0.000185899285042423,7.51039447606794e-05,NA,NA,NA,NA,NA
"449","X25504.2.0",0.259852297750757,0.00485199976163842,-0.000285343537662674,4.33584776616437e-05,NA,NA,NA,NA,NA
"450","X25505.2.0",0.387752437549576,0.00487072403411059,-0.000389479234004253,0.000115655409178458,NA,NA,NA,NA,NA
"451","X25506.2.0",0.373087817344741,0.00518323913268824,-0.000262750249135801,8.76742151277374e-05,NA,NA,NA,NA,NA
"452","X25507.2.0",0.541940444657055,0.00587066087702998,-0.000481517043767354,0.000170762853731808,NA,NA,NA,NA,NA
"453","X25508.2.0",0.519798213098306,0.00983004923621315,-0.000684471389620112,0.000280268034576383,NA,NA,NA,NA,NA
"454","X25509.2.0",0.555721666106911,0.00674318640057267,-0.000240882673212883,0.000368501393515844,NA,NA,NA,NA,NA
"455","X25510.2.0",0.546843024713506,0.00719112821706457,-0.000461535422883275,0.00023477418704509,NA,NA,NA,NA,NA
"456","X25511.2.0",0.559100290316793,0.00510021109164053,-0.000482440207501866,0.000204515564024839,NA,NA,NA,NA,NA
"457","X25512.2.0",0.554567114045064,0.00454649280754501,-9.20742779120243e-05,0.000112881989826342,NA,NA,NA,NA,NA
"458","X25513.2.0",0.387638526668322,0.00450128357309932,-0.000537213788572277,0.000173681718648237,NA,NA,NA,NA,NA
"459","X25514.2.0",0.436093660468847,0.00604230687391369,-0.000244752482652566,0.000260689368001334,NA,NA,NA,NA,NA
"460","X25515.2.0",0.321574017224025,0.00420528575577607,-0.000452781741603792,0.000139672806075795,TRUE,0.383158,0.084581,17,0
"461","X25516.2.0",0.336703378861753,0.00443078331544737,-0.00033229128672827,0.00010365639144711,TRUE,0.349537,0.092863,14,0
"462","X25517.2.0",0.515346827500256,0.00332034659902135,-0.00072938746598783,0.000229716639441234,TRUE,0.286506,0.239823,3,0
"463","X25518.2.0",0.518556221979122,0.00496289326140331,-0.000432547699018793,0.00017571453145104,NA,NA,NA,NA,NA
"464","X25519.2.0",0.509976648265944,0.00474556143808736,-0.000368661833324058,0.00015534206043524,NA,NA,NA,NA,NA
"465","X25520.2.0",0.491635486644865,0.00742324666335079,-0.000600366826747778,0.000208820375760956,NA,NA,NA,NA,NA
"466","X25521.2.0",0.230656944553025,0.006221003421534,-0.000954404840071088,0.000670034109236799,TRUE,0.302248,0.119231,7,0
"467","X25522.2.0",0.237480861475264,0.00553586273715043,-0.000129171904803094,0.000138943688306875,TRUE,0.255135,0.15442,2,0
"468","X25523.2.0",0.446657151341157,0.00266894766890018,-0.000386950417519594,0.000153580309804901,TRUE,0.317425,0.123655,8,0
"469","X25524.2.0",0.439391881236608,0.00529931440708647,-0.000502511282579809,0.000126286309572587,TRUE,0.318475,0.095503,4,1
"470","X25525.2.0",0.341149691821478,0.00360996565367787,-2.81215481513275e-05,0.000222841377489469,TRUE,0.284419,0.24811,5,5
"471","X25526.2.0",0.47098641490868,0.00384438856240434,0.000352577581437119,0.000346574418352002,TRUE,0.334154,0.229745,10,2
"472","X25527.2.0",0.553364268707134,0.00587025352398655,8.10450247001215e-05,0.000167434534882915,NA,NA,NA,NA,NA
"473","X25528.2.0",0.552859796462188,0.00749343367214659,-0.000644677215388167,0.000255623335393894,NA,NA,NA,NA,NA
"474","X25529.2.0",0.500887833158763,0.00482909554722811,-0.000491502710618641,0.000134735220347263,NA,NA,NA,NA,NA
"475","X25530.2.0",0.555883621961039,0.00563687934555823,-0.000539695107333737,0.000306882397424361,TRUE,0.304127,0.262505,6,5
"476","X25531.2.0",0.300709172807399,0.00734452822388397,-0.000742080654871002,0.000234819337202659,TRUE,0.312403,0.074652,1,0
"477","X25532.2.0",0.380510141002733,0.00346862009212985,-0.000704625641086598,0.000276349708102212,TRUE,0.139991,0.10723,0,0
"478","X25533.2.0",0.370502241481429,0.0072330952891229,-0.00110217629829015,0.000378389197576538,TRUE,0.139109,0.0732,0,0
"479","X25534.2.0",0.480203153235056,0.00454713776105497,-0.000576070540692841,0.000129504974408843,TRUE,0.31299,0.182685,4,0
"480","X25535.2.0",0.488589406273926,0.00510670561432557,-0.000441932010194268,0.000220612606118958,TRUE,0.275994,0.191618,3,0
"481","X25536.2.0",0.503009480687647,0.00648315378326474,-0.000290765455015629,0.000125756608032696,TRUE,0.300548,0.329166,5,2
"482","X25537.2.0",0.528995057160435,0.00504232426984951,-0.000316356501063475,0.000103894501077677,NA,NA,NA,NA,NA
"483","X25538.2.0",0.475394558374302,0.00456778881341119,-0.000260062158439134,0.00024895864057525,NA,NA,NA,NA,NA
"484","X25539.2.0",0.47352805092175,0.00639677725724633,-0.000418586760239392,0.000304245029724763,TRUE,0.312898,0.187181,7,1
"485","X25540.2.0",0.480318600896508,0.00485962603085045,-0.000187166093231217,6.63299373583699e-05,TRUE,0.248727,0.262782,5,0
"486","X25541.2.0",0.482553626066572,0.00444877398114471,-0.0002638996908641,7.25582236814909e-05,TRUE,0.295273,0.31601,9,2
"487","X25542.2.0",0.203046276452957,0.00250738983197971,-0.000569634957845833,0.000154495542656611,NA,NA,NA,NA,NA
"488","X25543.2.0",0.202740412972058,0.00507163536392909,-0.000581998906135994,0.000306299736858743,NA,NA,NA,NA,NA
"489","X25544.2.0",0.520908396173935,0.00588421146041166,-0.000662400429010379,0.000280456086883566,NA,NA,NA,NA,NA
"490","X25545.2.0",0.508981759743234,0.00311794995306872,-0.000489024506619096,0.00010404327583106,NA,NA,NA,NA,NA
"491","X25546.2.0",0.277792426804194,0.00540792190494722,-0.000509168871446786,0.000206473203644557,NA,NA,NA,NA,NA
"492","X25547.2.0",0.283042281734021,0.00585675861347301,-0.000605584437021411,0.000134081994115786,NA,NA,NA,NA,NA
"493","X25548.2.0",0.207521579732942,0.00388824224172645,-0.00049678456598794,9.16974866216718e-05,NA,NA,NA,NA,NA
"494","X25549.2.0",0.312696772713934,0.00411745861689555,-0.000976907828249218,0.000344859818279129,NA,NA,NA,NA,NA
"495","X25550.2.0",0.474876608328257,0.00578239030309133,-0.000312674120834466,0.000132514718677172,NA,NA,NA,NA,NA
"496","X25551.2.0",0.478855451362333,0.0038914279144337,-0.000877331600901421,0.000251688803223755,NA,NA,NA,NA,NA
"497","X25552.2.0",0.404218666794465,0.00551910332493406,-0.000815446604024839,0.000337866768128237,TRUE,0.303127,0.109014,3,1
"498","X25553.2.0",0.506900611411542,0.0038453095181452,-0.000665713615671271,0.000122847513191207,NA,NA,NA,NA,NA
"499","X25554.2.0",0.500087137872208,0.00540758309778571,2.42154637041581e-05,0.000241688750016896,NA,NA,NA,NA,NA
"500","X25555.2.0",0.548347002337961,0.00370868348448367,-0.00019879650272947,0.000269208513263457,TRUE,0.357761,0.055388,3,0
"501","X25556.2.0",0.553912584379031,0.00322761246573974,-0.00035610475417569,0.000131068590296881,NA,NA,NA,NA,NA
"502","X25557.2.0",0.527300679875869,0.00728016308103686,-0.000569446908672822,0.000206455795288491,NA,NA,NA,NA,NA
"503","X25558.2.0",0.260830434599606,0.0045587168820687,-0.000421483480509921,0.000119747894800592,NA,NA,NA,NA,NA
"504","X25559.2.0",0.52722225287112,0.0036390402838352,-0.000462545529782088,0.000175835124997855,NA,NA,NA,NA,NA
"505","X25560.2.0",0.556612598327154,0.00536281304002645,-0.000374926843068635,0.000115604893921189,NA,NA,NA,NA,NA
"506","X25561.2.0",0.505620311782613,0.00379919276910609,-0.000261471357567233,0.000191565852520511,NA,NA,NA,NA,NA
"507","X25562.2.0",0.481385072142947,0.00501902335243845,-0.000601650936970521,0.000244920912371746,NA,NA,NA,NA,NA
"508","X25563.2.0",0.402080082259752,0.00486837873473943,-0.000371402356394979,9.51164389597634e-05,NA,NA,NA,NA,NA
"509","X25564.2.0",0.374137513174693,0.00479658174344774,-0.000628167242573252,0.000282966036047196,NA,NA,NA,NA,NA
"510","X25565.2.0",0.463983208612941,0.00638098923530266,-0.00036583106197785,0.000196533848743391,NA,NA,NA,NA,NA
"511","X25566.2.0",0.451715844447623,0.00556481137350033,-0.000632059501757998,0.000175254537367828,TRUE,0.397625,0.236757,2,1
"512","X25567.2.0",0.282471128950001,0.00417893766303484,-0.00038811328455155,0.000144040563734139,NA,NA,NA,NA,NA
"513","X25568.2.0",0.289333582304213,0.00467068437605264,-0.000767256977118258,0.00020820447082682,NA,NA,NA,NA,NA
"514","X25569.2.0",0.312237001191929,0.00539261109803498,-0.000233735126220136,0.000160785499188125,NA,NA,NA,NA,NA
"515","X25570.2.0",0.27389036522111,0.00586226157954392,-0.000298409522126064,0.000133065321971466,NA,NA,NA,NA,NA
"516","X25571.2.0",0.465168506232158,0.00470202031203264,-0.000118127574549853,0.00020528235987972,NA,NA,NA,NA,NA
"517","X25572.2.0",0.472533277144937,0.00341461027717015,-0.000862860081676731,0.00034260549878814,NA,NA,NA,NA,NA
"518","X25573.2.0",0.527986150551655,0.00417625558517915,-0.00019690221581582,0.000189796915472287,TRUE,0.292623,0.143468,4,0
"519","X25574.2.0",0.520707481948514,0.00479271470111952,-0.000368756890957767,0.000107400277440333,TRUE,0.327481,0.205921,4,0
"520","X25575.2.0",0.234022865090853,0.00481635816858237,-0.000343227952811431,0.000105884043266271,NA,NA,NA,NA,NA
"521","X25576.2.0",0.273032543470723,0.0054160585060279,-0.000920444295336442,0.000342658464355169,NA,NA,NA,NA,NA
"522","X25577.2.0",0.582433090130088,0.00437028127699338,-0.000523872006415516,0.000200528868909186,NA,NA,NA,NA,NA
"523","X25578.2.0",0.563783972456922,0.00452984050548165,-0.000364272248546316,0.00018393989454424,NA,NA,NA,NA,NA
"524","X25579.2.0",0.343773774590524,0.00463014383638023,-0.000455742115061908,0.000207158004666613,NA,NA,NA,NA,NA
"525","X25580.2.0",0.428018091478879,0.00768704490451126,-0.000431687540889936,0.000187409061767071,NA,NA,NA,NA,NA
"526","X25581.2.0",0.470408194834101,0.00479863468319711,-0.000878284890209891,0.000191085923982044,NA,NA,NA,NA,NA
"527","X25582.2.0",0.486735972752797,0.00764731615182265,-0.000924279826646812,0.000303102122546477,NA,NA,NA,NA,NA
"528","X25583.2.0",0.469622308546461,0.00711053189863689,-0.00106161640238192,0.000224405660072003,NA,NA,NA,NA,NA
"529","X25584.2.0",0.491702310511882,0.00427346832261994,-0.000303470254754035,0.000189005484377127,NA,NA,NA,NA,NA
"530","X25585.2.0",0.316918113892944,0.00510940421098934,-0.000549700681104204,0.000213892565013926,NA,NA,NA,NA,NA
"531","X25586.2.0",0.426784913124742,0.00467993792210894,-0.000114370759495253,0.000131891478574856,NA,NA,NA,NA,NA
"532","X25587.2.0",0.483855863801641,0.00605515202939542,-0.000319526242935342,0.000267634595425428,NA,NA,NA,NA,NA
"533","X25588.2.0",0.422193882739337,0.0053098435991647,-0.000328688919585796,7.37871785147511e-05,NA,NA,NA,NA,NA
"534","X25589.2.0",0.408426045688278,0.00500188784687626,-1.94616414244564e-05,0.000183401206537403,NA,NA,NA,NA,NA
"535","X25590.2.0",0.462393111368676,0.00383060977158879,-0.000486427466146289,0.000205886072102444,NA,NA,NA,NA,NA
"536","X25591.2.0",0.468237975096868,0.00575995205005713,-0.000687692125108375,0.000168155229463216,NA,NA,NA,NA,NA
"537","X25592.2.0",0.480145171914083,0.0119254559399036,-0.000338959257626903,0.000109239069720883,NA,NA,NA,NA,NA
"538","X25593.2.0",0.487631515894961,0.0134033726762977,-0.000388472028585518,7.7474870101043e-05,NA,NA,NA,NA,NA
"539","X25594.2.0",0.438525007051479,0.00594919607137685,-0.000806464897230352,0.00022703132166376,NA,NA,NA,NA,NA
"540","X25595.2.0",0.439451913510893,0.00514311912977838,-0.000359645327552593,7.85227605108934e-05,NA,NA,NA,NA,NA
"541","X25596.2.0",0.340657323912927,0.0057183436988014,-0.000661277180403608,0.000155054180871801,NA,NA,NA,NA,NA
"542","X25597.2.0",0.320105540554264,0.00484776789596817,-0.00045373280866432,0.000187988188981894,NA,NA,NA,NA,NA
"543","X25598.2.0",0.514941796774781,0.00500860696974676,-0.00024808737229518,0.000208783779609441,NA,NA,NA,NA,NA
"544","X25599.2.0",0.503436130401295,0.00549978222715335,-0.000277961945454996,0.000165333580632747,NA,NA,NA,NA,NA
"545","X25600.2.0",0.431656234323583,0.00315413342016948,-0.000359526707622115,0.000126543488690511,NA,NA,NA,NA,NA
"546","X25601.2.0",0.420490235924128,0.0113667362164926,-0.000866545984100475,0.000168933846616004,NA,NA,NA,NA,NA
"547","X25602.2.0",0.225815263761294,0.0069200390895699,-0.000395474124024986,0.000204970745864866,NA,NA,NA,NA,NA
"548","X25603.2.0",0.213582308591859,0.00623994422610804,-0.000494513230778448,0.000195329846688611,NA,NA,NA,NA,NA
"549","X25604.2.0",0.49270472104274,0.0048388978723271,-0.000533303417153852,0.000162761258409956,NA,NA,NA,NA,NA
"550","X25605.2.0",0.511411888364934,0.00539542690568309,-0.000344391802146626,0.000142299057211386,NA,NA,NA,NA,NA
"551","X25606.2.0",0.371353514184525,0.00367612672794394,-0.000423021438388249,0.000233547317656431,NA,NA,NA,NA,NA
"552","X25607.2.0",0.511172965562213,0.00435802014189873,-0.000480333115106601,0.000175972820813967,NA,NA,NA,NA,NA
"553","X25608.2.0",0.594609039945715,0.00613568672234045,-0.000624297720525424,0.000213447708533869,NA,NA,NA,NA,NA
"554","X25609.2.0",0.543156407908504,0.00612568129450164,-0.000429786525453846,0.00012113154157897,NA,NA,NA,NA,NA
"555","X25610.2.0",0.532907391018046,0.00649889395523231,-0.000461896027967712,0.000118345491322242,NA,NA,NA,NA,NA
"556","X25611.2.0",0.535972906387634,0.00628254576486452,-0.000605654252293619,0.00017987272462913,NA,NA,NA,NA,NA
"557","X25612.2.0",0.25342575805535,0.00427000925458228,-0.000668305846966177,0.000234889922258415,NA,NA,NA,NA,NA
"558","X25613.2.0",0.36336021057617,0.00504222685280162,-1.62117328982192e-05,0.000245789190729543,NA,NA,NA,NA,NA
"559","X25614.2.0",0.344524433587556,0.00496235385791772,-0.000271070599961443,0.000368149783584143,NA,NA,NA,NA,NA
"560","X25615.2.0",0.496475957723163,0.00345996020245959,-0.000419323104551217,0.000175397917859885,NA,NA,NA,NA,NA
"561","X25616.2.0",0.511965960752983,0.00379125166221441,-0.000643977791078576,0.00024579194881151,NA,NA,NA,NA,NA
"562","X25617.2.0",0.526015312009551,0.00378308234323993,-0.000291244628240728,0.000118903785779234,NA,NA,NA,NA,NA
"563","X25618.2.0",0.569172828761017,0.0035554169058829,-0.000542959893018735,0.000193678820638689,NA,NA,NA,NA,NA
"564","X25619.2.0",0.490205323765177,0.00671277413225138,-0.000193666407167492,5.57239051040874e-05,NA,NA,NA,NA,NA
"565","X25620.2.0",0.496235941733599,0.00741029571528967,-0.000308081955493256,8.87268754472829e-05,NA,NA,NA,NA,NA
"566","X25621.2.0",0.443877223042405,0.00297175488859351,-0.000267555641705475,0.000251752667950855,NA,NA,NA,NA,NA
"567","X25622.2.0",0.472862758591798,0.00401438684949274,-0.000708243114405094,0.000239122317579761,NA,NA,NA,NA,NA
"568","X25623.2.0",0.376681180997147,0.00380433321447072,-0.000460798799379014,0.000318174611943395,NA,NA,NA,NA,NA
"569","X25624.2.0",0.308027956883664,0.00680779008540383,-0.000542507696052086,0.000236176346811497,NA,NA,NA,NA,NA
"570","X25625.2.0",0.54040317081764,0.00519787262062848,-0.000743457694434735,0.000174193014725983,NA,NA,NA,NA,NA
"571","X25626.2.0",0.530208263990005,0.00240081643592899,-0.000536490710352977,0.00015687562647625,NA,NA,NA,NA,NA
"572","X25627.2.0",0.493397409130853,0.00826640689209609,-0.00021331174011624,0.000214524522189536,TRUE,0.343286,0.251336,8,0
"573","X25628.2.0",0.438585741149585,0.00673952886020045,-0.00016079314774976,0.000168933331095714,NA,NA,NA,NA,NA
"574","X25629.2.0",0.234376172993151,0.00647869033927648,-0.000393413951933674,0.000140989084993798,NA,NA,NA,NA,NA
"575","X25630.2.0",0.242369438143608,0.00424250971789949,-0.000149084521534393,0.000128373798241048,NA,NA,NA,NA,NA
"576","X25631.2.0",0.427798475202875,0.00511446624525767,-0.000440440169838485,0.00013673864022217,NA,NA,NA,NA,NA
"577","X25632.2.0",0.449856201834098,0.00725571988831276,-0.000468482918353552,0.000146194202646729,NA,NA,NA,NA,NA
"578","X25633.2.0",0.374357506876383,0.00396618356799332,-0.000289659124869268,9.00572763896666e-05,NA,NA,NA,NA,NA
"579","X25634.2.0",0.503107129762655,0.00663154320587964,-0.000463022368421906,0.000210304721091676,NA,NA,NA,NA,NA
"580","X25635.2.0",0.571156766015969,0.00490367820286609,-0.000235616716862408,6.7992731392444e-05,NA,NA,NA,NA,NA
"581","X25636.2.0",0.559009456535967,0.00717011548957839,-0.000585984778485038,0.000179485640837743,NA,NA,NA,NA,NA
"582","X25637.2.0",0.521803125550291,0.00547026027321813,3.54201016399269e-05,0.000138867419296504,TRUE,0.32997,0.308582,7,5
"583","X25638.2.0",0.549282311537349,0.00379156367724927,-0.000430155289219836,0.000170360376640237,NA,NA,NA,NA,NA
"584","X25639.2.0",0.272952831840704,0.00441340241255038,-0.000321101003770874,8.64110250768365e-05,NA,NA,NA,NA,NA
"585","X25640.2.0",0.365264174983855,0.00520362764699978,-0.000626541465886521,0.000149796218485961,NA,NA,NA,NA,NA
"586","X25641.2.0",0.366130508162977,0.00540558666413995,-0.000614150298232463,0.000352126750210593,NA,NA,NA,NA,NA
"587","X25642.2.0",0.495848124251715,0.00540696899257877,-0.000529371289083447,0.000240261667138994,NA,NA,NA,NA,NA
"588","X25643.2.0",0.495823091584563,0.00360953028889079,0.000151086765122899,0.00026935159758365,NA,NA,NA,NA,NA
"589","X25644.2.0",0.564309317778881,0.0045778835324746,-0.000225551062175511,8.49911968298786e-05,NA,NA,NA,NA,NA
"590","X25645.2.0",0.512515998488422,0.00499185652173372,-0.000177502572627786,0.000180355899859886,NA,NA,NA,NA,NA
"591","X25646.2.0",0.523407701615015,0.0053635355472066,-0.000262493777792405,6.75674917395672e-05,NA,NA,NA,NA,NA
"592","X25647.2.0",0.557623132827147,0.00536224439812207,-0.000889511455812719,0.000486987323520607,NA,NA,NA,NA,NA
"593","X25648.2.0",0.430843089081275,0.00440550067009414,-0.000215799094271307,0.000216152525370769,NA,NA,NA,NA,NA
"594","X25649.2.0",0.405017838019398,0.00481764891298104,-0.00049264636263292,0.000320813499737693,NA,NA,NA,NA,NA
"595","X25650.2.0",0.563544137259716,0.00493281184833066,-0.000171442088184492,0.000380179353025164,NA,NA,NA,NA,NA
"596","X25651.2.0",0.561306514413798,0.00525956227460059,-0.000332908911073493,0.000493795879769116,NA,NA,NA,NA,NA
"597","X25652.2.0",0.622004415247656,0.00438991277711531,-1.82515083891888e-06,8.98845345153854e-05,NA,NA,NA,NA,NA
"598","X25653.2.0",0.616412956876331,0.0027455215905598,-0.000658233216043991,0.000169125204290624,NA,NA,NA,NA,NA
"599","X25654.2.0",0.517837698528917,0.00519987029589559,-4.07926838966843e-05,0.000173654302826161,NA,NA,NA,NA,NA
"600","X25655.2.0",0.565697435479837,0.00414485574638482,-0.000605252383979826,0.000363897519605903,NA,NA,NA,NA,NA
"601","X25656.2.0",0.42776092671809,0.00524527393877646,-0.00060825410597205,0.000102532153604871,NA,NA,NA,NA,NA
"602","X25657.2.0",0.445790781662599,0.00524124537139669,-0.00034285757826622,0.00012270239720434,NA,NA,NA,NA,NA
"603","X25658.2.0",0.633091286497282,0.0073493186636383,-0.000123802693258002,5.58828858824932e-05,TRUE,0.448377,0.244632,41,2
"604","X25659.2.0",0.644604752387967,0.00534917169915155,3.67566028920852e-05,0.000247012145881788,NA,NA,NA,NA,NA
"605","X25660.2.0",0.582719455071725,0.00344783448847026,-0.000410200551285866,0.000152566493911187,NA,NA,NA,NA,NA
"606","X25661.2.0",0.643692821174685,0.00354096736777159,-0.000461276882059036,0.000157295508878135,NA,NA,NA,NA,NA
"607","X25662.2.0",0.637756561077629,0.0043585545019865,-0.000222447926171521,5.23623983510321e-05,NA,NA,NA,NA,NA
"608","X25663.2.0",0.660982031009121,0.0045149967537635,-0.000197765256596449,5.62701554646765e-05,NA,NA,NA,NA,NA
"609","X25664.2.0",0.616359029790491,0.0040686209394298,-0.000451437437316926,0.000100131830610422,NA,NA,NA,NA,NA
"610","X25665.2.0",0.639965327058938,0.00618215649856581,-0.000643885272761202,0.000407283896185602,TRUE,0.470541,0.299304,44,11
"611","X25666.2.0",0.553440026754209,0.0053557610288878,-0.00025169164866814,5.64880087009163e-05,NA,NA,NA,NA,NA
"612","X25667.2.0",0.529640304568221,0.00573277550529655,2.54828079707448e-05,0.000105160251532147,NA,NA,NA,NA,NA
"613","X25668.2.0",0.54793283577516,0.00356771523099726,-0.000288692751645003,7.44338148698955e-05,TRUE,0.433417,0.198566,23,5
"614","X25669.2.0",0.592339362162469,0.00591346827055054,-0.000279740009687746,8.08346645890067e-05,NA,NA,NA,NA,NA
"615","X25670.2.0",0.575718589740147,0.00656954711324179,-0.000551953767756586,0.000309611046962634,NA,NA,NA,NA,NA
"616","X25671.2.0",0.618747810929299,0.00216567181242687,-0.000277507986868097,8.89183706046371e-05,NA,NA,NA,NA,NA
"617","X25672.2.0",0.617910967780524,0.00526408801349146,-0.000575613969788913,0.000180860764742332,NA,NA,NA,NA,NA
"618","X25673.2.0",0.59138718890973,0.00439507270847655,-0.000552477653119876,0.000218445597908486,NA,NA,NA,NA,NA
"619","X25674.2.0",0.593694708033816,0.00342950189586755,-0.000240004461452925,6.30741097069411e-05,NA,NA,NA,NA,NA
"620","X25675.2.0",0.528726144989755,0.00475032736171157,-0.000404039435849513,0.00028452352573157,NA,NA,NA,NA,NA
"621","X25676.2.0",0.584969622079466,0.00592012247450234,-0.000277141187650787,0.000241622289458884,NA,NA,NA,NA,NA
"622","X25677.2.0",0.874588151165443,0.00263067724287586,-0.000363211890468085,0.000119110592641097,TRUE,0.251191,0.043481,0,0
"623","X25678.2.0",0.292174298171827,0.00695860985109376,-0.000621713545233504,0.000334265906428776,TRUE,0.265101,0.112771,15,0
"624","X25679.2.0",0.656332175021691,0.00573380208201364,-0.000491222840335581,0.000556261600529696,TRUE,0.36005,0.163384,5,0
"625","X25680.2.0",0.636025180878072,0.00398062265623535,-0.000414592103390898,0.000121804963208849,NA,NA,NA,NA,NA
"626","X25681.2.0",0.253503665945594,0.00458928192057335,-0.000172312861476553,8.51998515867084e-05,NA,NA,NA,NA,NA
"627","X25682.2.0",0.324599473157291,0.00665205015324873,-0.000510707647269548,0.000178031297635161,NA,NA,NA,NA,NA
"628","X25683.2.0",0.344000579906947,0.00431602516750876,-7.92780471309928e-05,0.000192872662542623,TRUE,0.245764,0.052631,0,0
"629","X25684.2.0",0.40701806760422,0.00640710994697761,-0.000369312521877374,8.90948441554018e-05,TRUE,0.231512,0.06306,0,0
"630","X25685.2.0",0.603299745637092,0.00265418605331279,-0.000540378213797843,0.00014330457178664,NA,NA,NA,NA,NA
"631","X25686.2.0",0.596206858657176,0.00723144663800415,-0.00034541551646603,5.85611972290508e-05,TRUE,0.363749,0.106398,2,0
"632","X25687.2.0",0.3795165334187,0.00332564386547855,-0.000361364071885262,0.000196022337706676,NA,NA,NA,NA,NA
"633","X25688.2.0",0.593368773170134,0.00444007382978968,-0.000328720911497782,0.00012634049607057,NA,NA,NA,NA,NA
"634","X25689.2.0",0.620473493097268,0.00273876099289307,-0.000587702148134017,0.000197756174256382,NA,NA,NA,NA,NA
"635","X25690.2.0",0.596997835876547,0.00479988364003218,-0.000214701067537204,4.34115771746417e-05,NA,NA,NA,NA,NA
"636","X25691.2.0",0.589997619806155,0.00955133499048592,-0.0005571537955946,0.000212133448337634,TRUE,0.285888,0.064647,10,0
"637","X25692.2.0",0.566152542766058,0.0222564746829829,-0.00057388826303113,0.000169678699205609,NA,NA,NA,NA,NA
"638","X25693.2.0",0.272890766851937,0.0051762093699061,-0.000450422815053053,9.90609788539669e-05,TRUE,0.256183,0.086656,0,1
"639","X25694.2.0",0.511307214537962,0.00685748729406416,-0.000489080441672596,0.000180542489700554,NA,NA,NA,NA,NA
"640","X25695.2.0",0.455189783085413,0.00500658487432653,-0.000276082421473578,0.000306970325257441,TRUE,0.329186,0.17319,3,0
"641","X25696.2.0",0.48402477799097,0.00556917284252859,-0.000256732717219366,9.01279293475603e-05,NA,NA,NA,NA,NA
"642","X25697.2.0",0.47355260596832,0.00323260589770525,-0.000531787376623394,0.000164686922436808,NA,NA,NA,NA,NA
"643","X25698.2.0",0.702296127422022,0.0020922231355812,-0.000861643535111245,0.000396629118971453,NA,NA,NA,NA,NA
"644","X25699.2.0",0.772126829426474,0.00256507737233612,-0.000393137728432968,0.000148225984018539,NA,NA,NA,NA,NA
"645","X25700.2.0",0.771062009609674,0.00274381251045644,-0.000470279008307406,0.000306722688086756,NA,NA,NA,NA,NA
"646","X25701.2.0",0.798461546586946,0.00277799610120415,-0.000289862675351138,5.90832824932008e-05,NA,NA,NA,NA,NA
"647","X25702.2.0",0.426020296931694,0.00473206765992291,0.000166259442138272,0.000172286993268895,TRUE,0.302219,0.088176,1,1
"648","X25703.2.0",0.528669530883875,0.00435374902547963,-0.00060361347892548,0.000219006227441752,NA,NA,NA,NA,NA
"649","X25704.2.0",0.428295028671541,0.00531577829812581,-0.000449473755274821,0.000161673719452456,NA,NA,NA,NA,NA
"650","X25705.2.0",0.344427387473943,0.0081221509014938,-0.000373492621868921,0.000120108760531447,NA,NA,NA,NA,NA
"651","X25706.2.0",0.686052841319579,0.00518954454112624,0.000119688923448824,0.000439047728858077,NA,NA,NA,NA,NA
"652","X25707.2.0",0.672875976869614,0.00649579791117755,1.0639886956143e-05,0.000137073800283858,TRUE,0.276472,0.063459,4,0
"653","X25708.2.0",0.51205249150186,0.00419539944509313,-0.000751648721559728,0.000252474942405292,NA,NA,NA,NA,NA
"654","X25709.2.0",0.506891507417033,0.00986013094388821,-0.000511336996196743,0.000218190878202921,NA,NA,NA,NA,NA
"655","X25710.2.0",0.218266721938077,0.00464545803105398,-0.000176462469225991,0.000219320863638641,NA,NA,NA,NA,NA
"656","X25711.2.0",0.287154542079882,0.00447476589621132,-0.000354703137938339,0.000254017138189362,NA,NA,NA,NA,NA
"657","X25712.2.0",0.535359093903889,0.00555918286248617,-0.000412376601686204,0.000151776370426398,NA,NA,NA,NA,NA
"658","X25713.2.0",0.537495853097109,0.00480004553611576,-0.000424917766201705,0.000144787255534,NA,NA,NA,NA,NA
"659","X25714.2.0",0.452423197050695,0.00379127127952208,-0.000375841399661048,0.000117082617178978,NA,NA,NA,NA,NA
"660","X25715.2.0",0.56508247490471,0.00498509378893064,-0.000256526670919022,0.00010699391768547,NA,NA,NA,NA,NA
"661","X25716.2.0",0.63281369234972,0.0209748135927822,-0.000451315343659497,0.00012996365549231,NA,NA,NA,NA,NA
"662","X25717.2.0",0.674078526396341,0.00733464488601793,-0.000266252506115283,8.93103551102892e-05,NA,NA,NA,NA,NA
"663","X25718.2.0",0.708637030032516,0.00377480639114428,-0.000306710323923087,0.000179865574368103,NA,NA,NA,NA,NA
"664","X25719.2.0",0.660747890873814,0.00662837197610923,-0.000460700758897137,0.000193765597856887,TRUE,0.351415,0.184554,19,2
"665","X25720.2.0",0.301139597842986,0.00378328534024405,-0.000661146520510614,0.000278127706114817,NA,NA,NA,NA,NA
"666","X25721.2.0",0.45325988453487,0.00637294863460106,-0.000464032256456792,8.74368520732881e-05,NA,NA,NA,NA,NA
"667","X25722.2.0",0.453269420687031,0.00466813633555655,-0.000765287268386938,0.000255591462764125,NA,NA,NA,NA,NA
"668","X25723.2.0",0.619086371940115,0.00363948257151684,-0.000943496955452727,0.000489074889107553,NA,NA,NA,NA,NA
"669","X25724.2.0",0.630469290628691,0.00552512081009308,-0.000196048296178308,9.42151415609586e-05,NA,NA,NA,NA,NA
"670","X25725.2.0",0.53803336868598,0.00720858890071739,-0.000358178526016917,0.000106642001604314,NA,NA,NA,NA,NA
"671","X25726.2.0",0.550653202057798,0.0055914284693764,-0.000329029152386373,0.00010472293158321,TRUE,0.291985,0.221276,12,8
"672","X25727.2.0",0.554683324957732,0.0075611102828785,-0.000517479210760885,0.000223907875420212,NA,NA,NA,NA,NA
"673","X25728.2.0",0.571579137432024,0.00565612924856097,-0.000181848287887099,5.89384885256568e-05,NA,NA,NA,NA,NA
"674","X25729.2.0",0.527573320235304,0.00434223160959664,-0.000554913088737441,0.000366682093388887,NA,NA,NA,NA,NA
"675","X25730.2.0",0.593691560214181,0.00291506466856114,-0.000177447488157334,0.000207575047524079,NA,NA,NA,NA,NA
